,Category,Topic,Term,Variable_Level_1,Variable_Level_2,Variable_Level_3,Detailed_Variable,UUID
2478,EARTH SCIENCE,SOLID EARTH,EARTH GASES/LIQUIDS,HYDROGEN GAS,HYDROGEN GAS VERTICAL/GEOGRAPHIC DISTRIBUTION,,,833b6958-fc93-473c-aadb-bb65da7578e5
2479,EARTH SCIENCE,SOLID EARTH,EARTH GASES/LIQUIDS,HYDROGEN GAS,,,,96bbae63-81c1-43b4-90f0-52731e2b52ca
2480,EARTH SCIENCE,SOLID EARTH,EARTH GASES/LIQUIDS,NATURAL GAS,NATURAL GAS VERTICAL/GEOGRAPHIC DISTRIBUTION,,,58769369-608c-4482-924b-207454a5fb1c
2481,EARTH SCIENCE,SOLID EARTH,EARTH GASES/LIQUIDS,NATURAL GAS,,,,72eb280a-d5d0-4c5e-b789-8f1a8cf8bdac
2482,EARTH SCIENCE,SOLID EARTH,EARTH GASES/LIQUIDS,PETROLEUM,MICROFOSSIL,,,37f3fdb8-a82f-4bff-bda4-cca12a683d6f
2483,EARTH SCIENCE,SOLID EARTH,EARTH GASES/LIQUIDS,PETROLEUM,PETROLEUM VERTICAL/GEOGRAPHIC DISTRIBUTION,,,f9e3595d-29b6-462a-8eb6-a06e5a02b081
2484,EARTH SCIENCE,SOLID EARTH,EARTH GASES/LIQUIDS,PETROLEUM,,,,44d0ad8f-fe22-4d17-bc47-c0b728a82baf
2485,EARTH SCIENCE,SOLID EARTH,EARTH GASES/LIQUIDS,RECLAMATION/REVEGETATION/RESTORATION,,,,4add3005-9151-4b8d-a0bc-14c3908ef3a9
2486,EARTH SCIENCE,SOLID EARTH,EARTH GASES/LIQUIDS,,,,,e3fa1998-b003-4d55-a92e-16b42ac0fc17
2487,EARTH SCIENCE,SOLID EARTH,GEOCHEMISTRY,BIOGEOCHEMICAL PROCESSES,CHEMICAL DECOMPOSITION,,,14d972b3-a587-4994-a021-f1e620b02341
2488,EARTH SCIENCE,SOLID EARTH,GEOCHEMISTRY,BIOGEOCHEMICAL PROCESSES,HYDROLYSIS,,,8c6adb44-54c5-42f1-ae19-602e248ff9d9
2489,EARTH SCIENCE,SOLID EARTH,GEOCHEMISTRY,BIOGEOCHEMICAL PROCESSES,NITRIFICATION,,,d73ed320-cd5b-4994-a26a-dac5a2fc394f
2490,EARTH SCIENCE,SOLID EARTH,GEOCHEMISTRY,BIOGEOCHEMICAL PROCESSES,,,,b472632f-8e67-4892-9896-1c14c5089682
2491,EARTH SCIENCE,SOLID EARTH,GEOCHEMISTRY,GEOCHEMICAL PROCESSES,BIODEGRATION,,,3e934184-42bd-45ff-b9c1-5c5321fd066f
2492,EARTH SCIENCE,SOLID EARTH,GEOCHEMISTRY,GEOCHEMICAL PROCESSES,CARBONATE FORMATION,,,b2a9741a-f978-46ac-83ad-e92ff07a637c
2493,EARTH SCIENCE,SOLID EARTH,GEOCHEMISTRY,GEOCHEMICAL PROCESSES,CHEMICAL FIXATION,,,84b29fbe-8200-4d21-a1a3-fe84fa4cb132
2494,EARTH SCIENCE,SOLID EARTH,GEOCHEMISTRY,GEOCHEMICAL PROCESSES,CHEMICAL WEATHERING,,,7e140a1e-385d-4dd3-8b08-6239b082e35e
2495,EARTH SCIENCE,SOLID EARTH,GEOCHEMISTRY,GEOCHEMICAL PROCESSES,DECOMPOSITION,,,7b60ab41-92e7-4550-821b-0ab7ebd3d7c8
2496,EARTH SCIENCE,SOLID EARTH,GEOCHEMISTRY,GEOCHEMICAL PROCESSES,HYDRATION,,,2b1f870b-c679-4b6d-b02e-3eb005f0648d
2497,EARTH SCIENCE,SOLID EARTH,GEOCHEMISTRY,GEOCHEMICAL PROCESSES,ION EXCHANGE,,,ccbf4ef8-955b-4337-a45b-95affc360173
2498,EARTH SCIENCE,SOLID EARTH,GEOCHEMISTRY,GEOCHEMICAL PROCESSES,MINERAL DISSOLUTION,,,524cbe78-9c1f-4ef3-8aa9-0481476c253e
2499,EARTH SCIENCE,SOLID EARTH,GEOCHEMISTRY,GEOCHEMICAL PROCESSES,OXIDATION/REDUCTION,,,9c2f3bee-4629-4607-9962-12fe919594a0
2500,EARTH SCIENCE,SOLID EARTH,GEOCHEMISTRY,GEOCHEMICAL PROCESSES,,,,e6fb1b81-8ffc-486f-b1a1-2f292af8cee6
2501,EARTH SCIENCE,SOLID EARTH,GEOCHEMISTRY,GEOCHEMICAL PROPERTIES,CHEMICAL CONCENTRATIONS,,,12ed4fa0-27cc-4e05-a2b7-bbf2fde871f6
2502,EARTH SCIENCE,SOLID EARTH,GEOCHEMISTRY,GEOCHEMICAL PROPERTIES,ISOTOPE MEASUREMENTS,,,849edfe2-9ed7-4211-8f57-9c8ccff0a4ea
2503,EARTH SCIENCE,SOLID EARTH,GEOCHEMISTRY,GEOCHEMICAL PROPERTIES,ISOTOPE RATIOS,,,f7998303-d145-452d-bcff-770f62038909
2504,EARTH SCIENCE,SOLID EARTH,GEOCHEMISTRY,GEOCHEMICAL PROPERTIES,ISOTOPES,,,441ce068-91f2-4412-8893-c0096d8f9079
2505,EARTH SCIENCE,SOLID EARTH,GEOCHEMISTRY,GEOCHEMICAL PROPERTIES,ISOTOPIC AGE,,,211d289d-fae7-4815-9f3d-28a5afc7b3a9
2506,EARTH SCIENCE,SOLID EARTH,GEOCHEMISTRY,GEOCHEMICAL PROPERTIES,ROCK-EVAL PRYOLYSIS,,,2dc96cc9-a128-4dc8-b8c8-1d799201b5c6
2507,EARTH SCIENCE,SOLID EARTH,GEOCHEMISTRY,GEOCHEMICAL PROPERTIES,,,,048df94e-841d-4f4d-a5c5-6683d1d07aa6
2508,EARTH SCIENCE,SOLID EARTH,GEOCHEMISTRY,MARINE GEOCHEMICAL PROCESSES,CHEMICAL DECOMPOSITION,,,4efb531e-3c6c-4469-9215-d55a8a6ce9da
2509,EARTH SCIENCE,SOLID EARTH,GEOCHEMISTRY,MARINE GEOCHEMICAL PROCESSES,DISSOLUTION,,,6628bfb9-c0e1-4281-9b1a-d213a9d5b2d8
2510,EARTH SCIENCE,SOLID EARTH,GEOCHEMISTRY,MARINE GEOCHEMICAL PROCESSES,MINERAL DISSOLUTION,,,f956cc7c-da39-4eac-98ab-ba6207181b7d
2511,EARTH SCIENCE,SOLID EARTH,GEOCHEMISTRY,MARINE GEOCHEMICAL PROCESSES,,,,5cef2f41-a17a-4eff-8ce4-328593e1b703
2512,EARTH SCIENCE,SOLID EARTH,GEOCHEMISTRY,,,,,906e647b-2683-4ae7-9986-1aea15582b52
2513,EARTH SCIENCE,SOLID EARTH,GEODETICS,COORDINATE REFERENCE SYSTEM,COUNTRY/REGIONAL COORDINATE REFERENCE SYSTEM,,,bb5ca226-fdb1-4fab-9988-7486c643635b
2514,EARTH SCIENCE,SOLID EARTH,GEODETICS,COORDINATE REFERENCE SYSTEM,GLOBAL COORDINATE REFERENCE SYSTEM,,,e0a2edbb-8a94-4f47-918a-fe9f93aba5f4
2515,EARTH SCIENCE,SOLID EARTH,GEODETICS,COORDINATE REFERENCE SYSTEM,,,,14b19e68-0fb3-43b1-a102-537c4e33c338
2516,EARTH SCIENCE,SOLID EARTH,GEODETICS,ELLIPSOID CHARACTERISTICS,,,,bc640e63-70c1-4228-b2dc-6aa1ac6edfa6
2517,EARTH SCIENCE,SOLID EARTH,GEODETICS,GEOID CHARACTERISTICS,,,,6bbbf7b0-434b-4dbc-9fe8-e5e31fe99614
2518,EARTH SCIENCE,SOLID EARTH,GEODETICS,,,,,5498572c-aaed-4c08-8aad-8b297057e9c9
2519,EARTH SCIENCE,SOLID EARTH,GEOMAGNETISM,ELECTRICAL FIELD,ELECTRICAL ANOMALIES,,,d55d29e8-9015-4c23-b137-528eb298aa49
2520,EARTH SCIENCE,SOLID EARTH,GEOMAGNETISM,ELECTRICAL FIELD,ELECTRICAL INTENSITY,,,84d77f98-d5a2-4da8-9ba6-0b15e082d050
2521,EARTH SCIENCE,SOLID EARTH,GEOMAGNETISM,ELECTRICAL FIELD,,,,3202dab6-144a-4bfb-9bda-9d07e5ee7ec2
2522,EARTH SCIENCE,SOLID EARTH,GEOMAGNETISM,GEOMAGNETIC FORECASTS,GEOMAGNETIC ACTIVITY,,,2d3d9a57-44e8-43c0-98b4-b4891c994862
2523,EARTH SCIENCE,SOLID EARTH,GEOMAGNETISM,GEOMAGNETIC FORECASTS,GEOMAGNETIC STORM CATEGORY,,,4b7decec-e378-4824-aecf-9fe509392efd
2524,EARTH SCIENCE,SOLID EARTH,GEOMAGNETISM,GEOMAGNETIC FORECASTS,TOTAL INTENSITY,,,9a46a62c-952d-4253-8249-7375c14068a2
2525,EARTH SCIENCE,SOLID EARTH,GEOMAGNETISM,GEOMAGNETIC FORECASTS,,,,02290e22-24ae-40f6-96f1-0c6c76a145af
2526,EARTH SCIENCE,SOLID EARTH,GEOMAGNETISM,GEOMAGNETIC INDICES,AA INDEX,,,5fd5ccc2-5edb-4823-940d-03a290a5c5fc
2527,EARTH SCIENCE,SOLID EARTH,GEOMAGNETISM,GEOMAGNETIC INDICES,AE INDEX,,,31f77d6b-72f7-45e6-93be-8ac5fd5dc373
2528,EARTH SCIENCE,SOLID EARTH,GEOMAGNETISM,GEOMAGNETIC INDICES,AM INDEX,,,b3283844-d867-4c2f-9917-a72bc06fd9ef
2529,EARTH SCIENCE,SOLID EARTH,GEOMAGNETISM,GEOMAGNETIC INDICES,DST INDEX,,,cdb4b514-75c4-4a1f-a4ad-1855fbd396ab
2530,EARTH SCIENCE,SOLID EARTH,GEOMAGNETISM,GEOMAGNETIC INDICES,KP INDEX,,,40386eea-beb0-4b83-906b-75c6bfa24b73
2531,EARTH SCIENCE,SOLID EARTH,GEOMAGNETISM,GEOMAGNETIC INDICES,,,,ae35f430-6534-49de-8b4c-edfc1e98870a
2532,EARTH SCIENCE,SOLID EARTH,GEOMAGNETISM,MAGNETIC FIELD,GEOMAGNETIC INDUCTION,,,ee421700-0fe2-420c-9a07-91e8ae9fb524
2533,EARTH SCIENCE,SOLID EARTH,GEOMAGNETISM,MAGNETIC FIELD,MAGNETIC ANOMALIES,,,65ae8ab2-489b-44bf-bf5b-43cf957b70c0
2534,EARTH SCIENCE,SOLID EARTH,GEOMAGNETISM,MAGNETIC FIELD,MAGNETIC DECLINATION,,,f311eac7-5c85-4a8f-90c2-abcff3eec92d
2535,EARTH SCIENCE,SOLID EARTH,GEOMAGNETISM,MAGNETIC FIELD,MAGNETIC INCLINATION,,,f0b7311e-df08-45fa-8dd5-33b6f74a66d9
2536,EARTH SCIENCE,SOLID EARTH,GEOMAGNETISM,MAGNETIC FIELD,MAGNETIC INTENSITY,,,d817911a-685b-4c9f-bdc7-2411b8c0a7af
2537,EARTH SCIENCE,SOLID EARTH,GEOMAGNETISM,MAGNETIC FIELD,,,,204b482b-449b-42c9-a5bb-f6da42bee3a4
2538,EARTH SCIENCE,SOLID EARTH,GEOMAGNETISM,PALEOMAGNETISM,,,,720969dd-e966-41aa-af94-ee41cdf60390
2539,EARTH SCIENCE,SOLID EARTH,GEOMAGNETISM,REFERENCE FIELDS,,,,fd631e31-fe6f-462e-a3f6-c07b4b736ac7
2540,EARTH SCIENCE,SOLID EARTH,GEOMAGNETISM,,,,,910013d7-1e6a-4d1a-9921-be32d792a290
2541,EARTH SCIENCE,SOLID EARTH,GEOMORPHIC LANDFORMS/PROCESSES,AEOLIAN LANDFORMS,DUNES,CRESCENTIC (BARCHAN/TRANSVERSE) DUNE,,5c80c047-c02e-4c15-83ac-26b8b1a8f114
2542,EARTH SCIENCE,SOLID EARTH,GEOMORPHIC LANDFORMS/PROCESSES,AEOLIAN LANDFORMS,DUNES,DOME DUNE,,d5ff7545-0eec-4cad-90a5-019e03cdac47
2543,EARTH SCIENCE,SOLID EARTH,GEOMORPHIC LANDFORMS/PROCESSES,AEOLIAN LANDFORMS,DUNES,LONGITUDINAL/LINEAR DUNE,,db2d6cfb-70c3-4568-99a0-a25b3c3879dd
2544,EARTH SCIENCE,SOLID EARTH,GEOMORPHIC LANDFORMS/PROCESSES,AEOLIAN LANDFORMS,DUNES,PARABOLIC DUNE,,4cce9a44-da57-4169-b89f-6b1460fcedb9
2545,EARTH SCIENCE,SOLID EARTH,GEOMORPHIC LANDFORMS/PROCESSES,AEOLIAN LANDFORMS,DUNES,STAR DUNE,,ce087840-ec71-4575-bca9-e807151cc376
2546,EARTH SCIENCE,SOLID EARTH,GEOMORPHIC LANDFORMS/PROCESSES,AEOLIAN LANDFORMS,DUNES,,,e43473a1-4392-48e3-9e56-8a4dcad8d7a2
2547,EARTH SCIENCE,SOLID EARTH,GEOMORPHIC LANDFORMS/PROCESSES,AEOLIAN LANDFORMS,RIPPLES,,,cae41424-161f-4378-a1a4-62cd76c61143
2548,EARTH SCIENCE,SOLID EARTH,GEOMORPHIC LANDFORMS/PROCESSES,AEOLIAN LANDFORMS,,,,26637389-f4f6-47a0-9c3d-17e93ab99dea
2549,EARTH SCIENCE,SOLID EARTH,GEOMORPHIC LANDFORMS/PROCESSES,AEOLIAN PROCESSES,ABRASION,VENTIFACTS,,2c15738b-839f-4b68-85bc-ece41e4ac6c9
2550,EARTH SCIENCE,SOLID EARTH,GEOMORPHIC LANDFORMS/PROCESSES,AEOLIAN PROCESSES,ABRASION,YARDANGS,,59d1b0f7-ef02-4fa4-8d47-7eda39794713
2551,EARTH SCIENCE,SOLID EARTH,GEOMORPHIC LANDFORMS/PROCESSES,AEOLIAN PROCESSES,ABRASION,,,f6e19e2e-555a-4d40-9833-c7513d92c813
2552,EARTH SCIENCE,SOLID EARTH,GEOMORPHIC LANDFORMS/PROCESSES,AEOLIAN PROCESSES,DEFLATION,,,d415cb15-7586-464c-8707-9a5623a61cee
2553,EARTH SCIENCE,SOLID EARTH,GEOMORPHIC LANDFORMS/PROCESSES,AEOLIAN PROCESSES,DEGRADATION,,,baf70c0f-fd59-4d4b-ae03-b664e0352ff7
2554,EARTH SCIENCE,SOLID EARTH,GEOMORPHIC LANDFORMS/PROCESSES,AEOLIAN PROCESSES,SALTATION,,,78778362-5d08-4cd7-9131-159cad561e54
2555,EARTH SCIENCE,SOLID EARTH,GEOMORPHIC LANDFORMS/PROCESSES,AEOLIAN PROCESSES,SEDIMENT TRANSPORT,LOESS,,a83052ef-9b98-4cb3-9bed-b0c9059812e5
2556,EARTH SCIENCE,SOLID EARTH,GEOMORPHIC LANDFORMS/PROCESSES,AEOLIAN PROCESSES,SEDIMENT TRANSPORT,MONADNOCK,,8167592d-13bf-4225-9822-29e68bcd1b37
2557,EARTH SCIENCE,SOLID EARTH,GEOMORPHIC LANDFORMS/PROCESSES,AEOLIAN PROCESSES,SEDIMENT TRANSPORT,,,fe2d9f93-ee9c-4d1e-af28-0c15ee762019
2558,EARTH SCIENCE,SOLID EARTH,GEOMORPHIC LANDFORMS/PROCESSES,AEOLIAN PROCESSES,SEDIMENTATION,SEDIMENT CHEMISTRY,,34ea8c99-ff34-495b-b986-92a78b74a8e9
2559,EARTH SCIENCE,SOLID EARTH,GEOMORPHIC LANDFORMS/PROCESSES,AEOLIAN PROCESSES,SEDIMENTATION,SEDIMENT COMPOSITION,,6e5a6d68-5f99-4f0d-bde3-9f24268af426
2560,EARTH SCIENCE,SOLID EARTH,GEOMORPHIC LANDFORMS/PROCESSES,AEOLIAN PROCESSES,SEDIMENTATION,STRATIGRAPHIC SEQUENCE,,a08cce11-9407-4b1f-b13e-0df87da03612
2561,EARTH SCIENCE,SOLID EARTH,GEOMORPHIC LANDFORMS/PROCESSES,AEOLIAN PROCESSES,SEDIMENTATION,,,22ba30ec-a4e2-4547-bad7-4d5f9917625d
2562,EARTH SCIENCE,SOLID EARTH,GEOMORPHIC LANDFORMS/PROCESSES,AEOLIAN PROCESSES,WEATHERING,,,7a67a5af-42be-4aa7-8cb1-e1fc0de074cc
2563,EARTH SCIENCE,SOLID EARTH,GEOMORPHIC LANDFORMS/PROCESSES,AEOLIAN PROCESSES,,,,f15b2ad3-f658-420b-99b4-41588646d9b7
2564,EARTH SCIENCE,SOLID EARTH,GEOMORPHIC LANDFORMS/PROCESSES,COASTAL LANDFORMS,BARRIER ISLANDS,,,6e3135e9-6be6-4995-a5df-022f6a0cf45b
2565,EARTH SCIENCE,SOLID EARTH,GEOMORPHIC LANDFORMS/PROCESSES,COASTAL LANDFORMS,BEACHES,,,6a5d3e4d-86d1-4863-bfe6-f8e2899fab0e
2566,EARTH SCIENCE,SOLID EARTH,GEOMORPHIC LANDFORMS/PROCESSES,COASTAL LANDFORMS,CORAL REEFS,APRON REEF,,0e566bce-90bf-4a0a-a000-5bb5fb430788
2567,EARTH SCIENCE,SOLID EARTH,GEOMORPHIC LANDFORMS/PROCESSES,COASTAL LANDFORMS,CORAL REEFS,ATOLL REEF,,8c89ede4-94d8-4fd4-a3df-f9d42e9835eb
2568,EARTH SCIENCE,SOLID EARTH,GEOMORPHIC LANDFORMS/PROCESSES,COASTAL LANDFORMS,CORAL REEFS,BANK REEF,,57417a5e-4d86-4fb6-81d6-68bf9a3d1148
2569,EARTH SCIENCE,SOLID EARTH,GEOMORPHIC LANDFORMS/PROCESSES,COASTAL LANDFORMS,CORAL REEFS,BARRIER REEF,,5fde7781-d4f6-41a8-8428-f428b70c02dc
2570,EARTH SCIENCE,SOLID EARTH,GEOMORPHIC LANDFORMS/PROCESSES,COASTAL LANDFORMS,CORAL REEFS,FRINGING REEF,,0f5c48d1-5189-495d-b5a7-7ad596f0a5c4
2571,EARTH SCIENCE,SOLID EARTH,GEOMORPHIC LANDFORMS/PROCESSES,COASTAL LANDFORMS,CORAL REEFS,PATCH REEF,,a1451fce-9e69-4f2d-b2cf-27238a7577ce
2572,EARTH SCIENCE,SOLID EARTH,GEOMORPHIC LANDFORMS/PROCESSES,COASTAL LANDFORMS,CORAL REEFS,RIBBON REEF,,b428ba89-4638-4989-90c1-f5e4f0d0a6f6
2573,EARTH SCIENCE,SOLID EARTH,GEOMORPHIC LANDFORMS/PROCESSES,COASTAL LANDFORMS,CORAL REEFS,TABLE REEF,,5f4dc81d-0893-4eb9-b82a-6a070836aa16
2574,EARTH SCIENCE,SOLID EARTH,GEOMORPHIC LANDFORMS/PROCESSES,COASTAL LANDFORMS,CORAL REEFS,,,dff4d4af-e1e0-4991-884b-a1c088a802b2
2575,EARTH SCIENCE,SOLID EARTH,GEOMORPHIC LANDFORMS/PROCESSES,COASTAL LANDFORMS,CUSPATE FORELANDS,,,0c51bdb0-54b0-4d0d-afd0-35ef7458ccb7
2576,EARTH SCIENCE,SOLID EARTH,GEOMORPHIC LANDFORMS/PROCESSES,COASTAL LANDFORMS,DELTAS,,,b37b1bdf-6392-4a80-891a-14f177ba2ca2
2577,EARTH SCIENCE,SOLID EARTH,GEOMORPHIC LANDFORMS/PROCESSES,COASTAL LANDFORMS,DUNES,CRESCENTIC (BARCHAN/TRANSVERSE) DUNE,,fa47cab9-0aa4-4e16-8115-972f7f543920
2578,EARTH SCIENCE,SOLID EARTH,GEOMORPHIC LANDFORMS/PROCESSES,COASTAL LANDFORMS,DUNES,DOME DUNE,,16a1f6b8-ea67-43fe-a47c-aad5250b4f59
2579,EARTH SCIENCE,SOLID EARTH,GEOMORPHIC LANDFORMS/PROCESSES,COASTAL LANDFORMS,DUNES,LONGITUDINAL/LINEAR DUNE,,1810b08a-9377-4f01-a3cf-fdd549ad8ebf
2580,EARTH SCIENCE,SOLID EARTH,GEOMORPHIC LANDFORMS/PROCESSES,COASTAL LANDFORMS,DUNES,PARABOLIC DUNE,,174fa36e-3a06-40a1-bc95-87e6799bdead
2581,EARTH SCIENCE,SOLID EARTH,GEOMORPHIC LANDFORMS/PROCESSES,COASTAL LANDFORMS,DUNES,STAR DUNE,,94ab11dc-b70b-4705-bb25-c4d430722d28
2582,EARTH SCIENCE,SOLID EARTH,GEOMORPHIC LANDFORMS/PROCESSES,COASTAL LANDFORMS,DUNES,,,0c279e58-9ad3-4748-816a-de8cabeaf0c4
2583,EARTH SCIENCE,SOLID EARTH,GEOMORPHIC LANDFORMS/PROCESSES,COASTAL LANDFORMS,ESTUARIES,,,127fdf1d-9985-4a27-9b6c-ad54380fd299
2584,EARTH SCIENCE,SOLID EARTH,GEOMORPHIC LANDFORMS/PROCESSES,COASTAL LANDFORMS,FJORDS,,,c9291bc7-784d-486a-95fa-f08fa1edcad9
2585,EARTH SCIENCE,SOLID EARTH,GEOMORPHIC LANDFORMS/PROCESSES,COASTAL LANDFORMS,HEADLANDS/BAYS/CAPE,,,860e25fa-e63a-4fd0-bde9-4f596b4a5929
2586,EARTH SCIENCE,SOLID EARTH,GEOMORPHIC LANDFORMS/PROCESSES,COASTAL LANDFORMS,INLETS,,,356a245d-418a-4560-9eb1-d12f8f155f66
2587,EARTH SCIENCE,SOLID EARTH,GEOMORPHIC LANDFORMS/PROCESSES,COASTAL LANDFORMS,ISTHMUS,,,ca9d9064-91c8-4c49-b388-e5f7290a3234
2588,EARTH SCIENCE,SOLID EARTH,GEOMORPHIC LANDFORMS/PROCESSES,COASTAL LANDFORMS,LAGOONS,,,081d131a-6bef-47dc-adb3-f96da9123f93
2589,EARTH SCIENCE,SOLID EARTH,GEOMORPHIC LANDFORMS/PROCESSES,COASTAL LANDFORMS,RIA,,,8d4c5e9c-bdab-48c9-89da-1eb4b9a528ab
2590,EARTH SCIENCE,SOLID EARTH,GEOMORPHIC LANDFORMS/PROCESSES,COASTAL LANDFORMS,SALT MARSH,,,85f409fd-9d81-4cac-84ed-fb0bb4599924
2591,EARTH SCIENCE,SOLID EARTH,GEOMORPHIC LANDFORMS/PROCESSES,COASTAL LANDFORMS,SEA ARCHES,,,4321cb64-0997-438f-92fb-45169503c01f
2592,EARTH SCIENCE,SOLID EARTH,GEOMORPHIC LANDFORMS/PROCESSES,COASTAL LANDFORMS,SEA CAVES,,,521f883e-18be-4f28-b5fe-c1f887b4233a
2593,EARTH SCIENCE,SOLID EARTH,GEOMORPHIC LANDFORMS/PROCESSES,COASTAL LANDFORMS,SEA CLIFFS,,,01400b09-68a3-4e3e-b076-1687e30bed56
2594,EARTH SCIENCE,SOLID EARTH,GEOMORPHIC LANDFORMS/PROCESSES,COASTAL LANDFORMS,SHOALS,,,94b575b8-eac4-433d-aa74-d781b650f452
2595,EARTH SCIENCE,SOLID EARTH,GEOMORPHIC LANDFORMS/PROCESSES,COASTAL LANDFORMS,SHORELINES,,,57e6b119-567b-44d0-9d93-278ed5c21c47
2596,EARTH SCIENCE,SOLID EARTH,GEOMORPHIC LANDFORMS/PROCESSES,COASTAL LANDFORMS,SOUNDS,,,c5b85924-9e3f-4106-b389-1ab4486bd233
2597,EARTH SCIENCE,SOLID EARTH,GEOMORPHIC LANDFORMS/PROCESSES,COASTAL LANDFORMS,SPITS AND BARS,,,62ef0883-8311-4485-947a-2691b456b667
2598,EARTH SCIENCE,SOLID EARTH,GEOMORPHIC LANDFORMS/PROCESSES,COASTAL LANDFORMS,TOMBOLOS,,,30f556c4-7531-4758-9e51-8adc6b2e0e8a
2599,EARTH SCIENCE,SOLID EARTH,GEOMORPHIC LANDFORMS/PROCESSES,COASTAL LANDFORMS,WAVE-CUT NOTCH/PLATFORMS,,,ee1d9786-33e9-46dc-b859-25d18e9c8a88
2600,EARTH SCIENCE,SOLID EARTH,GEOMORPHIC LANDFORMS/PROCESSES,COASTAL LANDFORMS,,,,c58320e6-3f1d-4c36-9bee-6bad73404c21
2601,EARTH SCIENCE,SOLID EARTH,GEOMORPHIC LANDFORMS/PROCESSES,COASTAL PROCESSES,ABRASION,,,fd29bf77-df38-4b80-8148-8184fa41d843
2602,EARTH SCIENCE,SOLID EARTH,GEOMORPHIC LANDFORMS/PROCESSES,COASTAL PROCESSES,ACCRETION,,,8b232049-ce98-4a34-8f00-2366335508e4
2603,EARTH SCIENCE,SOLID EARTH,GEOMORPHIC LANDFORMS/PROCESSES,COASTAL PROCESSES,ATTRITION/WEATHERING,,,36b178ad-4f20-41ce-89d1-4ee8567a3cf2
2604,EARTH SCIENCE,SOLID EARTH,GEOMORPHIC LANDFORMS/PROCESSES,COASTAL PROCESSES,CHEMICAL SOLUTION,,,bb891ee1-6c7b-4ec0-b2fa-6fb67a2df2a3
2605,EARTH SCIENCE,SOLID EARTH,GEOMORPHIC LANDFORMS/PROCESSES,COASTAL PROCESSES,DEPOSITION,,,6a11e5e5-e6a3-42dd-b793-141ce99932e1
2606,EARTH SCIENCE,SOLID EARTH,GEOMORPHIC LANDFORMS/PROCESSES,COASTAL PROCESSES,FLOODING,,,fb5c09ec-c924-4deb-8294-8a27697a4550
2607,EARTH SCIENCE,SOLID EARTH,GEOMORPHIC LANDFORMS/PROCESSES,COASTAL PROCESSES,HYDRAULIC ACTION,,,8fde8c6c-97d4-41a6-9e20-f862faafcd88
2608,EARTH SCIENCE,SOLID EARTH,GEOMORPHIC LANDFORMS/PROCESSES,COASTAL PROCESSES,SALTATION,,,872459ca-da1e-448f-9bf4-383b628f4609
2609,EARTH SCIENCE,SOLID EARTH,GEOMORPHIC LANDFORMS/PROCESSES,COASTAL PROCESSES,SEA LEVEL CHANGE,,,6c958ab4-ab98-438e-86d4-1e6a6d0580da
2610,EARTH SCIENCE,SOLID EARTH,GEOMORPHIC LANDFORMS/PROCESSES,COASTAL PROCESSES,SEDIMENT TRANSPORT,,,1088e9e2-dadd-4d20-a2db-ef7df32c6d42
2611,EARTH SCIENCE,SOLID EARTH,GEOMORPHIC LANDFORMS/PROCESSES,COASTAL PROCESSES,SEDIMENTATION,SEDIMENT CHEMISTRY,,9f4548ad-ec40-4d79-a973-552b2541a62d
2612,EARTH SCIENCE,SOLID EARTH,GEOMORPHIC LANDFORMS/PROCESSES,COASTAL PROCESSES,SEDIMENTATION,SEDIMENT COMPOSITION,,17d6838d-e05e-4f0f-a751-7dbd00d2a80a
2613,EARTH SCIENCE,SOLID EARTH,GEOMORPHIC LANDFORMS/PROCESSES,COASTAL PROCESSES,SEDIMENTATION,STRAITRAPHIC SEQUENCE,,1203f04d-cd90-4f46-b2c1-998a3c182250
2614,EARTH SCIENCE,SOLID EARTH,GEOMORPHIC LANDFORMS/PROCESSES,COASTAL PROCESSES,SEDIMENTATION,,,2cca0a13-3c6f-4617-aca9-bff7f8142c52
2615,EARTH SCIENCE,SOLID EARTH,GEOMORPHIC LANDFORMS/PROCESSES,COASTAL PROCESSES,SUBMERGENCE,,,87186c13-548e-4ea8-ba79-38cff394eb59
2616,EARTH SCIENCE,SOLID EARTH,GEOMORPHIC LANDFORMS/PROCESSES,COASTAL PROCESSES,SUBSIDENCE,,,b3657e71-acd1-4be4-9c70-a54e074a40a4
2617,EARTH SCIENCE,SOLID EARTH,GEOMORPHIC LANDFORMS/PROCESSES,COASTAL PROCESSES,SUSPENSION,,,15c6332d-f6f2-45a4-9485-bb55471c0090
2618,EARTH SCIENCE,SOLID EARTH,GEOMORPHIC LANDFORMS/PROCESSES,COASTAL PROCESSES,WAVE BREAKING,,,a8c37cb5-9426-41fd-b192-53b4c3ae1ba3
2619,EARTH SCIENCE,SOLID EARTH,GEOMORPHIC LANDFORMS/PROCESSES,COASTAL PROCESSES,WAVE DIFFRACTION,,,5cbfc557-f3a6-4558-9954-ce37f0510952
2620,EARTH SCIENCE,SOLID EARTH,GEOMORPHIC LANDFORMS/PROCESSES,COASTAL PROCESSES,WAVE EROSION,DEGRADATION,,2f5ceedb-afb6-47e6-8eac-8f220ef0b564
2621,EARTH SCIENCE,SOLID EARTH,GEOMORPHIC LANDFORMS/PROCESSES,COASTAL PROCESSES,WAVE EROSION,,,86405d6d-eb37-4aa5-a525-bf6a23fd131d
2622,EARTH SCIENCE,SOLID EARTH,GEOMORPHIC LANDFORMS/PROCESSES,COASTAL PROCESSES,WAVE REFRACTION,,,b43d2d47-c86e-41b6-81bd-be803db536da
2623,EARTH SCIENCE,SOLID EARTH,GEOMORPHIC LANDFORMS/PROCESSES,COASTAL PROCESSES,WAVE SHOALING,,,f8accc20-818e-47a1-962d-80b7ec7f6d92
2624,EARTH SCIENCE,SOLID EARTH,GEOMORPHIC LANDFORMS/PROCESSES,COASTAL PROCESSES,,,,672d6958-4bbc-4b33-adc8-927e4348908b
2625,EARTH SCIENCE,SOLID EARTH,GEOMORPHIC LANDFORMS/PROCESSES,FLUVIAL LANDFORMS,AIT,,,d8b04023-b9c4-42bc-a986-ab6c4f32ba28
2626,EARTH SCIENCE,SOLID EARTH,GEOMORPHIC LANDFORMS/PROCESSES,FLUVIAL LANDFORMS,BAR,,,6c061296-2c92-4aa4-b9d1-6ecf0efde876
2627,EARTH SCIENCE,SOLID EARTH,GEOMORPHIC LANDFORMS/PROCESSES,FLUVIAL LANDFORMS,BAYOU,,,244bd4be-a3d2-4c02-b576-ae9f2f9e544f
2628,EARTH SCIENCE,SOLID EARTH,GEOMORPHIC LANDFORMS/PROCESSES,FLUVIAL LANDFORMS,CANYON,,,e25ce36c-eacd-447a-9d73-ccc8a7e3a328
2629,EARTH SCIENCE,SOLID EARTH,GEOMORPHIC LANDFORMS/PROCESSES,FLUVIAL LANDFORMS,CONFLUENCE,,,cbd9ee43-24f8-45ab-a39b-2ff34be81c51
2630,EARTH SCIENCE,SOLID EARTH,GEOMORPHIC LANDFORMS/PROCESSES,FLUVIAL LANDFORMS,CUTBANK,,,8dcff6c3-a6b3-479e-96e2-63191d10ac2d
2631,EARTH SCIENCE,SOLID EARTH,GEOMORPHIC LANDFORMS/PROCESSES,FLUVIAL LANDFORMS,DELTAS,,,ad535c83-3b93-4632-8aaa-7dfba8bb125a
2632,EARTH SCIENCE,SOLID EARTH,GEOMORPHIC LANDFORMS/PROCESSES,FLUVIAL LANDFORMS,ENDORHERIC BASIN,,,4a2a2f6d-9735-4bee-9d1a-21dcd0352c6b
2633,EARTH SCIENCE,SOLID EARTH,GEOMORPHIC LANDFORMS/PROCESSES,FLUVIAL LANDFORMS,FLOOD PLAIN,,,d71f94cb-e773-487a-a8ff-9c5f11c1dbc4
2634,EARTH SCIENCE,SOLID EARTH,GEOMORPHIC LANDFORMS/PROCESSES,FLUVIAL LANDFORMS,GULLY,,,2f8ad9b0-adb8-4022-8c95-bca68e7a87a5
2635,EARTH SCIENCE,SOLID EARTH,GEOMORPHIC LANDFORMS/PROCESSES,FLUVIAL LANDFORMS,ISLAND,,,74caea9b-6023-438b-af3d-bb9d948036f1
2636,EARTH SCIENCE,SOLID EARTH,GEOMORPHIC LANDFORMS/PROCESSES,FLUVIAL LANDFORMS,LACUSTRINE PLAIN,,,588d868d-05a4-4dac-9fb3-770b54ce39e5
2637,EARTH SCIENCE,SOLID EARTH,GEOMORPHIC LANDFORMS/PROCESSES,FLUVIAL LANDFORMS,MARSH,,,88adcca6-2bc8-443a-9f25-c9aded577615
2638,EARTH SCIENCE,SOLID EARTH,GEOMORPHIC LANDFORMS/PROCESSES,FLUVIAL LANDFORMS,MEANDER,,,c6f77e54-069e-454f-8260-e150bc29547a
2639,EARTH SCIENCE,SOLID EARTH,GEOMORPHIC LANDFORMS/PROCESSES,FLUVIAL LANDFORMS,OX-BOW LAKE,,,12233807-f6cd-410d-b607-ecbfbd545464
2640,EARTH SCIENCE,SOLID EARTH,GEOMORPHIC LANDFORMS/PROCESSES,FLUVIAL LANDFORMS,PINGO,,,4a0c46ff-2d07-442d-b141-6156d9ea4a2e
2641,EARTH SCIENCE,SOLID EARTH,GEOMORPHIC LANDFORMS/PROCESSES,FLUVIAL LANDFORMS,POINT BAR,,,dd0de414-6663-4280-94cf-bda7fea736cc
2642,EARTH SCIENCE,SOLID EARTH,GEOMORPHIC LANDFORMS/PROCESSES,FLUVIAL LANDFORMS,POND,,,5f292d99-b14a-4f18-bbe0-8025d04cae50
2643,EARTH SCIENCE,SOLID EARTH,GEOMORPHIC LANDFORMS/PROCESSES,FLUVIAL LANDFORMS,RIFFLE,,,5df6e78f-6dd4-4fc8-a88e-9e575dbca2eb
2644,EARTH SCIENCE,SOLID EARTH,GEOMORPHIC LANDFORMS/PROCESSES,FLUVIAL LANDFORMS,RIVER,,,bb6b3b76-c496-464b-bd20-1b22296aae15
2645,EARTH SCIENCE,SOLID EARTH,GEOMORPHIC LANDFORMS/PROCESSES,FLUVIAL LANDFORMS,SPRING,,,b498a5cb-f77d-4485-8174-81dec28cee0e
2646,EARTH SCIENCE,SOLID EARTH,GEOMORPHIC LANDFORMS/PROCESSES,FLUVIAL LANDFORMS,STREAM TERRACE,,,74ce5e8a-038a-471e-a27a-be5b1f17b72f
2647,EARTH SCIENCE,SOLID EARTH,GEOMORPHIC LANDFORMS/PROCESSES,FLUVIAL LANDFORMS,STREAM,,,1d2d0777-b47e-45ee-ac85-2d7b9f6e4ffd
2648,EARTH SCIENCE,SOLID EARTH,GEOMORPHIC LANDFORMS/PROCESSES,FLUVIAL LANDFORMS,SWAMP,,,4811065d-7aed-45e0-ac31-6417123be10e
2649,EARTH SCIENCE,SOLID EARTH,GEOMORPHIC LANDFORMS/PROCESSES,FLUVIAL LANDFORMS,VALLEY,V SHAPPED VALLEY,,fdb4c687-916e-48ec-858e-6009cc763de3
2650,EARTH SCIENCE,SOLID EARTH,GEOMORPHIC LANDFORMS/PROCESSES,FLUVIAL LANDFORMS,VALLEY,,,87b01c3a-f64f-4764-8cb8-c40ebcd5a989
2651,EARTH SCIENCE,SOLID EARTH,GEOMORPHIC LANDFORMS/PROCESSES,FLUVIAL LANDFORMS,WATERFALL,,,948dea97-9843-4895-b59b-cb55f07a41b4
2652,EARTH SCIENCE,SOLID EARTH,GEOMORPHIC LANDFORMS/PROCESSES,FLUVIAL LANDFORMS,WATERSHED/DRAINAGE BASINS,,,97a71326-75ac-422f-941e-c0c2897dd46b
2653,EARTH SCIENCE,SOLID EARTH,GEOMORPHIC LANDFORMS/PROCESSES,FLUVIAL LANDFORMS,,,,cb5193ab-2d7a-4b35-b7ec-f16ce78ae270
2654,EARTH SCIENCE,SOLID EARTH,GEOMORPHIC LANDFORMS/PROCESSES,FLUVIAL PROCESSES,ABRASION,,,efacd4f6-59ea-4019-8265-8cc81ecc99c0
2655,EARTH SCIENCE,SOLID EARTH,GEOMORPHIC LANDFORMS/PROCESSES,FLUVIAL PROCESSES,ATTRITION,,,9eedd20e-fce3-4fb2-9871-c0a327565ad9
2656,EARTH SCIENCE,SOLID EARTH,GEOMORPHIC LANDFORMS/PROCESSES,FLUVIAL PROCESSES,DEGRADATION,,,800606ea-9890-4475-af7b-100f529858d1
2657,EARTH SCIENCE,SOLID EARTH,GEOMORPHIC LANDFORMS/PROCESSES,FLUVIAL PROCESSES,DOWNCUTTING,,,aff6bb19-84d0-40ed-8b81-a2210c468283
2658,EARTH SCIENCE,SOLID EARTH,GEOMORPHIC LANDFORMS/PROCESSES,FLUVIAL PROCESSES,ENTRAINMENT,,,e89704aa-91a0-4888-bb33-a9073eff7119
2659,EARTH SCIENCE,SOLID EARTH,GEOMORPHIC LANDFORMS/PROCESSES,FLUVIAL PROCESSES,HYDRAULIC ACTION,,,267eca20-09a7-46ad-89f4-111ccb3fd16d
2660,EARTH SCIENCE,SOLID EARTH,GEOMORPHIC LANDFORMS/PROCESSES,FLUVIAL PROCESSES,LANDSLIDE,,,54e5d072-5a2c-471b-bca0-7e4ca32a2001
2661,EARTH SCIENCE,SOLID EARTH,GEOMORPHIC LANDFORMS/PROCESSES,FLUVIAL PROCESSES,SALTATION,,,93596daf-d2d3-4bb8-9626-9db100c402de
2662,EARTH SCIENCE,SOLID EARTH,GEOMORPHIC LANDFORMS/PROCESSES,FLUVIAL PROCESSES,SEDIMENT TRANSPORT,,,0c33b48d-1dd1-4309-bcd4-1ce3d0e24b46
2663,EARTH SCIENCE,SOLID EARTH,GEOMORPHIC LANDFORMS/PROCESSES,FLUVIAL PROCESSES,SEDIMENTATION,SEDIMENT CHEMISTRY,,09b4427b-9e8b-413a-83cd-f087b284cf61
2664,EARTH SCIENCE,SOLID EARTH,GEOMORPHIC LANDFORMS/PROCESSES,FLUVIAL PROCESSES,SEDIMENTATION,SEDIMENT COMPOSITION,,17747820-39de-4908-bb3d-8c2f94ddd6f4
2665,EARTH SCIENCE,SOLID EARTH,GEOMORPHIC LANDFORMS/PROCESSES,FLUVIAL PROCESSES,SEDIMENTATION,STRAITIGRAPHIC SEQUENCE,,103f1165-1008-4caa-bf77-5259ae1a7a36
2666,EARTH SCIENCE,SOLID EARTH,GEOMORPHIC LANDFORMS/PROCESSES,FLUVIAL PROCESSES,SEDIMENTATION,,,984e15c6-7eac-45b8-b098-ad82eab6be6e
2667,EARTH SCIENCE,SOLID EARTH,GEOMORPHIC LANDFORMS/PROCESSES,FLUVIAL PROCESSES,SUSPENSION,,,8009663e-73c7-403e-b849-f40d2c3e3de8
2668,EARTH SCIENCE,SOLID EARTH,GEOMORPHIC LANDFORMS/PROCESSES,FLUVIAL PROCESSES,WEATHERING,,,6f47d087-21dc-41bc-955e-6eb2db8890cd
2669,EARTH SCIENCE,SOLID EARTH,GEOMORPHIC LANDFORMS/PROCESSES,FLUVIAL PROCESSES,,,,6f47ae88-f28f-43e3-be6a-34f86b15fe19
2670,EARTH SCIENCE,SOLID EARTH,GEOMORPHIC LANDFORMS/PROCESSES,GLACIAL LANDFORMS,ARETES,,,8e73bff6-c2f9-46a6-963b-8ef09dd7f5f3
2671,EARTH SCIENCE,SOLID EARTH,GEOMORPHIC LANDFORMS/PROCESSES,GLACIAL LANDFORMS,CIRQUES/COMBES,,,ae3b0c3d-35a1-4c94-ba72-ffe1a641902e
2672,EARTH SCIENCE,SOLID EARTH,GEOMORPHIC LANDFORMS/PROCESSES,GLACIAL LANDFORMS,CREVASSES,LONGITUDINAL CREVASSES,,429d0eba-2689-4674-9a8a-d88c4058b1bf
2673,EARTH SCIENCE,SOLID EARTH,GEOMORPHIC LANDFORMS/PROCESSES,GLACIAL LANDFORMS,CREVASSES,MARGINAL CREVASSES,,bc803dca-2fdb-4dc0-bf02-f0b9399d6816
2674,EARTH SCIENCE,SOLID EARTH,GEOMORPHIC LANDFORMS/PROCESSES,GLACIAL LANDFORMS,CREVASSES,TRANSVERSE CREVASSES,,45101ace-ce83-4b56-bea6-c4eca9c693dd
2675,EARTH SCIENCE,SOLID EARTH,GEOMORPHIC LANDFORMS/PROCESSES,GLACIAL LANDFORMS,CREVASSES,,,e0d85cf0-b477-47df-a067-18e28a3e228f
2676,EARTH SCIENCE,SOLID EARTH,GEOMORPHIC LANDFORMS/PROCESSES,GLACIAL LANDFORMS,DRUMLINS,,,4be9b544-68fa-45ea-89f1-a44a9f5929e5
2677,EARTH SCIENCE,SOLID EARTH,GEOMORPHIC LANDFORMS/PROCESSES,GLACIAL LANDFORMS,ESKERS,,,5e012809-98cf-468f-bdf7-7cea8569d3ab
2678,EARTH SCIENCE,SOLID EARTH,GEOMORPHIC LANDFORMS/PROCESSES,GLACIAL LANDFORMS,FJORDS,,,6aed82cb-be90-4e58-ae33-14943ea555be
2679,EARTH SCIENCE,SOLID EARTH,GEOMORPHIC LANDFORMS/PROCESSES,GLACIAL LANDFORMS,GLACIAL HORNS,,,5477fad4-789b-436d-a01e-610aa8efa592
2680,EARTH SCIENCE,SOLID EARTH,GEOMORPHIC LANDFORMS/PROCESSES,GLACIAL LANDFORMS,GLACIER STRIATIONS/GROOVES,,,b2d3b8a4-4861-4c21-b875-97084b6e75aa
2681,EARTH SCIENCE,SOLID EARTH,GEOMORPHIC LANDFORMS/PROCESSES,GLACIAL LANDFORMS,GLACIER/HANGING/U-SHAPED VALLEYS,,,d23f75ed-29ea-4aa2-8785-fd3a3726bc33
2682,EARTH SCIENCE,SOLID EARTH,GEOMORPHIC LANDFORMS/PROCESSES,GLACIAL LANDFORMS,GLACIER/ICE CAVES,,,93b60653-f7bb-46f3-8f65-69221267018c
2683,EARTH SCIENCE,SOLID EARTH,GEOMORPHIC LANDFORMS/PROCESSES,GLACIAL LANDFORMS,ICE-DAMMED LAKES,,,ee565a8c-72b9-44a4-b25d-efefd1a28d8d
2684,EARTH SCIENCE,SOLID EARTH,GEOMORPHIC LANDFORMS/PROCESSES,GLACIAL LANDFORMS,KAME DELTA,,,3f86db44-f853-4eb3-b4e3-4aaee481043a
2685,EARTH SCIENCE,SOLID EARTH,GEOMORPHIC LANDFORMS/PROCESSES,GLACIAL LANDFORMS,KAMES,,,89541868-0ea0-47c6-b81e-a0c4981f2d62
2686,EARTH SCIENCE,SOLID EARTH,GEOMORPHIC LANDFORMS/PROCESSES,GLACIAL LANDFORMS,KETTLE HOLES,,,6d3722bb-29c0-4fb6-90c3-3f3a144b9941
2687,EARTH SCIENCE,SOLID EARTH,GEOMORPHIC LANDFORMS/PROCESSES,GLACIAL LANDFORMS,MORAINES,LATERAL MORAINE,,a4f0e7c2-711e-4675-b7c8-f5430905aa89
2688,EARTH SCIENCE,SOLID EARTH,GEOMORPHIC LANDFORMS/PROCESSES,GLACIAL LANDFORMS,MORAINES,MEDIAL MORAINE,,9d6c8fac-a5cd-4fbc-8283-1bc256c12a43
2689,EARTH SCIENCE,SOLID EARTH,GEOMORPHIC LANDFORMS/PROCESSES,GLACIAL LANDFORMS,MORAINES,RECESSIONAL MORAINE,,c4f0d15c-1f9b-40f3-b5d4-da1d6ebe6da8
2690,EARTH SCIENCE,SOLID EARTH,GEOMORPHIC LANDFORMS/PROCESSES,GLACIAL LANDFORMS,MORAINES,RIBBED/ROGAN MORAINE,,a389919c-a6da-465e-b074-ea29b66a686b
2691,EARTH SCIENCE,SOLID EARTH,GEOMORPHIC LANDFORMS/PROCESSES,GLACIAL LANDFORMS,MORAINES,TERMINAL MORAINE,,7886c3eb-e86e-4a84-9f2f-e398ecc82b2d
2692,EARTH SCIENCE,SOLID EARTH,GEOMORPHIC LANDFORMS/PROCESSES,GLACIAL LANDFORMS,MORAINES,,,4f590d94-110c-4762-9171-aba6d24af6a0
2693,EARTH SCIENCE,SOLID EARTH,GEOMORPHIC LANDFORMS/PROCESSES,GLACIAL LANDFORMS,NUNATAKS,,,3b8bdda1-2415-47ea-b4cf-c802fa44c496
2694,EARTH SCIENCE,SOLID EARTH,GEOMORPHIC LANDFORMS/PROCESSES,GLACIAL LANDFORMS,OUTWASH FANS/PLAINS,,,a8bfc8ad-42f2-43cc-b161-20058037bb95
2695,EARTH SCIENCE,SOLID EARTH,GEOMORPHIC LANDFORMS/PROCESSES,GLACIAL LANDFORMS,ROCHE MOUNTONNEES/SHEEPBACK,,,691cb42a-9de2-4f49-b1b4-9a4be80abd2b
2696,EARTH SCIENCE,SOLID EARTH,GEOMORPHIC LANDFORMS/PROCESSES,GLACIAL LANDFORMS,ROCK GLACIERS,,,2d98cbaf-8c82-46e6-9962-a5e63918fe66
2697,EARTH SCIENCE,SOLID EARTH,GEOMORPHIC LANDFORMS/PROCESSES,GLACIAL LANDFORMS,TILL PLAINS,,,2bea72da-2cf3-403c-adb9-9d963eb71536
2698,EARTH SCIENCE,SOLID EARTH,GEOMORPHIC LANDFORMS/PROCESSES,GLACIAL LANDFORMS,,,,3c78951a-0293-4fb0-baff-ec7372fe784d
2699,EARTH SCIENCE,SOLID EARTH,GEOMORPHIC LANDFORMS/PROCESSES,GLACIAL PROCESSES,ABLATION,,,99db4dca-4d07-48fd-8ba3-393532d04aa6
2700,EARTH SCIENCE,SOLID EARTH,GEOMORPHIC LANDFORMS/PROCESSES,GLACIAL PROCESSES,ABRASION,,,8f57f4b0-5177-4362-81e8-ced75d37d1aa
2701,EARTH SCIENCE,SOLID EARTH,GEOMORPHIC LANDFORMS/PROCESSES,GLACIAL PROCESSES,CRUST REBOUND,,,c06e70c0-616c-44f2-a884-ad0252e29e37
2702,EARTH SCIENCE,SOLID EARTH,GEOMORPHIC LANDFORMS/PROCESSES,GLACIAL PROCESSES,DEGRADATION,,,e60bfab8-01a8-4d0b-ae95-5d9014c71717
2703,EARTH SCIENCE,SOLID EARTH,GEOMORPHIC LANDFORMS/PROCESSES,GLACIAL PROCESSES,DUMPING,,,b6d56c3f-daa4-4c2f-9c56-4cecdf3d9fcd
2704,EARTH SCIENCE,SOLID EARTH,GEOMORPHIC LANDFORMS/PROCESSES,GLACIAL PROCESSES,ENTRAINMENT,,,1dc7ed2f-2834-4044-8caa-117ce12389af
2705,EARTH SCIENCE,SOLID EARTH,GEOMORPHIC LANDFORMS/PROCESSES,GLACIAL PROCESSES,FIRN FORMATION,,,5b66d75f-331f-49d0-ad97-12f6535ce93a
2706,EARTH SCIENCE,SOLID EARTH,GEOMORPHIC LANDFORMS/PROCESSES,GLACIAL PROCESSES,FREEZE/THAW,BASAL ICE FREEZING,,a72c8430-0b33-4167-b189-1309cc2048c5
2707,EARTH SCIENCE,SOLID EARTH,GEOMORPHIC LANDFORMS/PROCESSES,GLACIAL PROCESSES,FREEZE/THAW,,,f7849055-fa5c-437c-a8c6-08c7db3a3b0a
2708,EARTH SCIENCE,SOLID EARTH,GEOMORPHIC LANDFORMS/PROCESSES,GLACIAL PROCESSES,GLACIAL DISPLACEMENT,,,5ddbaf71-b279-42cf-b250-faaefb627f66
2709,EARTH SCIENCE,SOLID EARTH,GEOMORPHIC LANDFORMS/PROCESSES,GLACIAL PROCESSES,GLACIAL DRIFT,,,5cd3ad48-ade6-4306-a7de-4e68ecdf6bc7
2710,EARTH SCIENCE,SOLID EARTH,GEOMORPHIC LANDFORMS/PROCESSES,GLACIAL PROCESSES,GLACIAL GROWTH,,,4be0198b-b88c-44db-b887-6cc7f5cd68f8
2711,EARTH SCIENCE,SOLID EARTH,GEOMORPHIC LANDFORMS/PROCESSES,GLACIAL PROCESSES,GLACIAL STRIATION,,,114e9f84-8bc5-4863-abd2-55b80ed2af11
2712,EARTH SCIENCE,SOLID EARTH,GEOMORPHIC LANDFORMS/PROCESSES,GLACIAL PROCESSES,GLACIER CRUST SUBSIDENCE,,,b87c5264-13c6-4716-acf3-51b2576dc1e9
2713,EARTH SCIENCE,SOLID EARTH,GEOMORPHIC LANDFORMS/PROCESSES,GLACIAL PROCESSES,PERIGLACIAL PROCESSES,,,fa0f38f3-2faa-4cd7-a848-22f3d96ab210
2714,EARTH SCIENCE,SOLID EARTH,GEOMORPHIC LANDFORMS/PROCESSES,GLACIAL PROCESSES,PLUCKING,,,c4619d3d-f852-4899-9e33-9fd6d4096351
2715,EARTH SCIENCE,SOLID EARTH,GEOMORPHIC LANDFORMS/PROCESSES,GLACIAL PROCESSES,SCOURING,,,7ca88385-d0cf-439c-9a12-86b926b71582
2716,EARTH SCIENCE,SOLID EARTH,GEOMORPHIC LANDFORMS/PROCESSES,GLACIAL PROCESSES,SEDIMENT TRANSPORT,,,791b7271-3a30-46ee-98e0-bc8239389950
2717,EARTH SCIENCE,SOLID EARTH,GEOMORPHIC LANDFORMS/PROCESSES,GLACIAL PROCESSES,SEDIMENTATION,SEDIMENT CHEMISTRY,,7d10ff6d-efde-4f97-866b-7d771dd32b25
2718,EARTH SCIENCE,SOLID EARTH,GEOMORPHIC LANDFORMS/PROCESSES,GLACIAL PROCESSES,SEDIMENTATION,STRATIGRAPHIC SEQUENCE,,c25fef4a-f346-4831-8015-7853886c4fc7
2719,EARTH SCIENCE,SOLID EARTH,GEOMORPHIC LANDFORMS/PROCESSES,GLACIAL PROCESSES,SEDIMENTATION,,,d8f33f0a-137c-49ac-aebf-f8a8b0540a09
2720,EARTH SCIENCE,SOLID EARTH,GEOMORPHIC LANDFORMS/PROCESSES,GLACIAL PROCESSES,WEATHERING,,,580ef100-0fb8-456c-a9ca-565d11392a26
2721,EARTH SCIENCE,SOLID EARTH,GEOMORPHIC LANDFORMS/PROCESSES,GLACIAL PROCESSES,,,,d7b62912-5970-46b1-be45-6a603c9a6979
2722,EARTH SCIENCE,SOLID EARTH,GEOMORPHIC LANDFORMS/PROCESSES,KARST LANDFORMS,CAVES,,,631c5fb8-5e44-48f8-b937-a5f393d0832d
2723,EARTH SCIENCE,SOLID EARTH,GEOMORPHIC LANDFORMS/PROCESSES,KARST LANDFORMS,COCKPIT/TOWER KARST,,,a20151df-e7cf-43e0-9745-ffc965f97ef7
2724,EARTH SCIENCE,SOLID EARTH,GEOMORPHIC LANDFORMS/PROCESSES,KARST LANDFORMS,KARST VALLEY,,,c319a44c-b21a-491f-9cf0-65868507576c
2725,EARTH SCIENCE,SOLID EARTH,GEOMORPHIC LANDFORMS/PROCESSES,KARST LANDFORMS,SINKHOLES (DOLINES),,,7f298307-73f6-4f10-96a2-db381f357cb6
2726,EARTH SCIENCE,SOLID EARTH,GEOMORPHIC LANDFORMS/PROCESSES,KARST LANDFORMS,UVALA,,,40d9bf88-e7e2-4137-81fc-4721d67ce520
2727,EARTH SCIENCE,SOLID EARTH,GEOMORPHIC LANDFORMS/PROCESSES,KARST LANDFORMS,,,,ac2d1035-1896-42c1-861b-042a917b6889
2728,EARTH SCIENCE,SOLID EARTH,GEOMORPHIC LANDFORMS/PROCESSES,KARST PROCESSES,CACO3,,,9902dc89-61fb-4a1e-becf-c8138122d2c4
2729,EARTH SCIENCE,SOLID EARTH,GEOMORPHIC LANDFORMS/PROCESSES,KARST PROCESSES,DISSOLVED CO2,,,613abf26-7625-4134-8961-7a59fe82efc9
2730,EARTH SCIENCE,SOLID EARTH,GEOMORPHIC LANDFORMS/PROCESSES,KARST PROCESSES,KARST HYDROLOGY,SUBSURFACE DRAINAGE,,bbfe00ab-ab63-40e0-8752-8f47d17c1d39
2731,EARTH SCIENCE,SOLID EARTH,GEOMORPHIC LANDFORMS/PROCESSES,KARST PROCESSES,KARST HYDROLOGY,,,05172a3b-cdc0-4e97-af29-e38cd4f271c6
2732,EARTH SCIENCE,SOLID EARTH,GEOMORPHIC LANDFORMS/PROCESSES,KARST PROCESSES,POROSITY,,,07f6c977-077b-47f2-962c-00dadcd9f555
2733,EARTH SCIENCE,SOLID EARTH,GEOMORPHIC LANDFORMS/PROCESSES,KARST PROCESSES,WEATHERING,,,60dc0787-9e7e-4e0d-8023-d916da5d0836
2734,EARTH SCIENCE,SOLID EARTH,GEOMORPHIC LANDFORMS/PROCESSES,KARST PROCESSES,,,,63846997-4a3f-41e1-9241-6d5053360d7a
2735,EARTH SCIENCE,SOLID EARTH,GEOMORPHIC LANDFORMS/PROCESSES,TECTONIC LANDFORMS,CALDERA,,,5d9d1d85-b402-4f84-ab5c-03a49fc68c25
2736,EARTH SCIENCE,SOLID EARTH,GEOMORPHIC LANDFORMS/PROCESSES,TECTONIC LANDFORMS,CINDER CONE,,,7c394040-91f1-4438-a50a-3118254f5989
2737,EARTH SCIENCE,SOLID EARTH,GEOMORPHIC LANDFORMS/PROCESSES,TECTONIC LANDFORMS,FAULTS,,,6107d1c4-5aea-4bfa-861d-d77083a4476e
2738,EARTH SCIENCE,SOLID EARTH,GEOMORPHIC LANDFORMS/PROCESSES,TECTONIC LANDFORMS,FOLDS,,,a2a3893c-de51-4ca7-a952-e9a43dd961a1
2739,EARTH SCIENCE,SOLID EARTH,GEOMORPHIC LANDFORMS/PROCESSES,TECTONIC LANDFORMS,GEYSER,,,ea580c65-2f66-4745-bbb6-dde61279ecfa
2740,EARTH SCIENCE,SOLID EARTH,GEOMORPHIC LANDFORMS/PROCESSES,TECTONIC LANDFORMS,GRABEN,,,524f075d-e875-4c9d-9e46-91f2a0b12168
2741,EARTH SCIENCE,SOLID EARTH,GEOMORPHIC LANDFORMS/PROCESSES,TECTONIC LANDFORMS,HORST,,,bf3fbdaa-cefb-4a54-8a4e-ee0a862795fb
2742,EARTH SCIENCE,SOLID EARTH,GEOMORPHIC LANDFORMS/PROCESSES,TECTONIC LANDFORMS,LAVA DOME,,,33a0cd6c-a8e4-4187-a2f3-7eb4bf62808d
2743,EARTH SCIENCE,SOLID EARTH,GEOMORPHIC LANDFORMS/PROCESSES,TECTONIC LANDFORMS,LAVA PLAIN,,,dc18db4d-2184-453e-ba0a-86c83a9bede0
2744,EARTH SCIENCE,SOLID EARTH,GEOMORPHIC LANDFORMS/PROCESSES,TECTONIC LANDFORMS,MAAR,,,c1f717e9-da1a-4e85-ba2b-01986d53674d
2745,EARTH SCIENCE,SOLID EARTH,GEOMORPHIC LANDFORMS/PROCESSES,TECTONIC LANDFORMS,MOUNTAINS,,,c34ea556-10bd-4665-9f22-68b5d05c9aea
2746,EARTH SCIENCE,SOLID EARTH,GEOMORPHIC LANDFORMS/PROCESSES,TECTONIC LANDFORMS,PLATEAU,,,0baf564f-f942-4aeb-9b75-30b838f28f3f
2747,EARTH SCIENCE,SOLID EARTH,GEOMORPHIC LANDFORMS/PROCESSES,TECTONIC LANDFORMS,RIDGE,,,ca091be1-4762-49ec-859b-a1a2fcb8e038
2748,EARTH SCIENCE,SOLID EARTH,GEOMORPHIC LANDFORMS/PROCESSES,TECTONIC LANDFORMS,RIFT VALLEY,,,0bd4d492-4911-4a6a-afaa-34899a80294b
2749,EARTH SCIENCE,SOLID EARTH,GEOMORPHIC LANDFORMS/PROCESSES,TECTONIC LANDFORMS,TUYA,,,a355aafc-f0ce-4774-afc3-82b41df5f022
2750,EARTH SCIENCE,SOLID EARTH,GEOMORPHIC LANDFORMS/PROCESSES,TECTONIC LANDFORMS,VOLCANO,,,cefe2205-809c-4386-915e-a8737ae8e68e
2751,EARTH SCIENCE,SOLID EARTH,GEOMORPHIC LANDFORMS/PROCESSES,TECTONIC LANDFORMS,,,,46172bbe-8bf0-49a0-848f-129c089aeb8e
2752,EARTH SCIENCE,SOLID EARTH,GEOMORPHIC LANDFORMS/PROCESSES,TECTONIC PROCESSES,EPEIROGENIC MOVEMENT,,,ebcd5f14-9468-493b-b0e6-de5afda2621a
2753,EARTH SCIENCE,SOLID EARTH,GEOMORPHIC LANDFORMS/PROCESSES,TECTONIC PROCESSES,ISOSTATIC UPLIFT,,,ca464924-4299-46ea-8cae-fd9bad49c1b1
2754,EARTH SCIENCE,SOLID EARTH,GEOMORPHIC LANDFORMS/PROCESSES,TECTONIC PROCESSES,OROGENIC MOVEMENT,,,46d188a9-1099-4d72-b466-6e839297320e
2755,EARTH SCIENCE,SOLID EARTH,GEOMORPHIC LANDFORMS/PROCESSES,TECTONIC PROCESSES,RIFTING,,,9c207e15-9947-4849-bdf4-c1893a7f800a
2756,EARTH SCIENCE,SOLID EARTH,GEOMORPHIC LANDFORMS/PROCESSES,TECTONIC PROCESSES,SUBDUCTION,,,44dd98d0-a0d0-46b2-bb98-ed887ce7fa60
2757,EARTH SCIENCE,SOLID EARTH,GEOMORPHIC LANDFORMS/PROCESSES,TECTONIC PROCESSES,TECTONIC UPLIFT,,,4bc109b5-6788-4f64-8238-745bab3910dd
2758,EARTH SCIENCE,SOLID EARTH,GEOMORPHIC LANDFORMS/PROCESSES,TECTONIC PROCESSES,,,,f0bd7eeb-9004-4e40-a649-f6010d8a4303
2759,EARTH SCIENCE,SOLID EARTH,GEOMORPHIC LANDFORMS/PROCESSES,,,,,b5cb1fab-7281-478f-bb3b-ff04f900b3fc
2760,EARTH SCIENCE,SOLID EARTH,GEOTHERMAL DYNAMICS,GEOTHERMAL ENERGY,ENERGY DISTRIBUTION,,,9d258088-e5bd-42b9-a281-e566da10ea74
2761,EARTH SCIENCE,SOLID EARTH,GEOTHERMAL DYNAMICS,GEOTHERMAL ENERGY,ENERGY OUTPUT,,,64461e23-b3c1-4b99-b879-84e54bacdb24
2762,EARTH SCIENCE,SOLID EARTH,GEOTHERMAL DYNAMICS,GEOTHERMAL ENERGY,,,,33d1810f-40c6-4b37-ac90-7435ef5fa507
2763,EARTH SCIENCE,SOLID EARTH,GEOTHERMAL DYNAMICS,GEOTHERMAL TEMPERATURE,AMBIENT TEMPERATURE,,,1d2ac206-0977-4145-b334-baa6e13a0db6
2764,EARTH SCIENCE,SOLID EARTH,GEOTHERMAL DYNAMICS,GEOTHERMAL TEMPERATURE,TEMPERATURE GRADIENT,TEMPERATURE GRADIENT RATE,,f4573e47-3cce-49ec-98d3-b5b3bb51371e
2765,EARTH SCIENCE,SOLID EARTH,GEOTHERMAL DYNAMICS,GEOTHERMAL TEMPERATURE,TEMPERATURE GRADIENT,,,99d567bb-7767-4ea4-a135-a611eac6a669
2766,EARTH SCIENCE,SOLID EARTH,GEOTHERMAL DYNAMICS,GEOTHERMAL TEMPERATURE,TEMPERATURE PROFILES,,,321d9086-fc85-40a3-a2e0-d24bc6765345
2767,EARTH SCIENCE,SOLID EARTH,GEOTHERMAL DYNAMICS,GEOTHERMAL TEMPERATURE,,,,cacfd8f0-b83a-46b7-b324-52ce1b55baa9
2768,EARTH SCIENCE,SOLID EARTH,GEOTHERMAL DYNAMICS,,,,,ec2bf43d-2525-439e-bbbe-0db758e71965
2769,EARTH SCIENCE,SOLID EARTH,GRAVITY/GRAVITATIONAL FIELD,CONTROL SURVEYS,,,,8b39b880-f385-4dab-a563-24064b43be7e
2770,EARTH SCIENCE,SOLID EARTH,GRAVITY/GRAVITATIONAL FIELD,CRUSTAL MOTION,ISOSTATIC ADJUSTMENTS,,,5dee7d0e-e13e-4974-9750-79d5cd886c7a
2771,EARTH SCIENCE,SOLID EARTH,GRAVITY/GRAVITATIONAL FIELD,CRUSTAL MOTION,OCEAN CRUST DEFORMATION,,,aa6c2fe7-3261-4fd8-bed4-81403bc49086
2772,EARTH SCIENCE,SOLID EARTH,GRAVITY/GRAVITATIONAL FIELD,CRUSTAL MOTION,,,,122f7d15-7e5c-4249-992c-c753c80cf05b
2773,EARTH SCIENCE,SOLID EARTH,GRAVITY/GRAVITATIONAL FIELD,GRAVITATIONAL FIELD,,,,56b4cbe5-e5f7-4e61-8c48-bbb858b505e6
2774,EARTH SCIENCE,SOLID EARTH,GRAVITY/GRAVITATIONAL FIELD,GRAVITY ANOMALIES,,,,fb7eeee0-9ad1-40f8-baa2-df7dc3acb6d3
2775,EARTH SCIENCE,SOLID EARTH,GRAVITY/GRAVITATIONAL FIELD,GRAVITY,,,,69af3046-08e0-4c24-981d-803c0412ce58
2776,EARTH SCIENCE,SOLID EARTH,GRAVITY/GRAVITATIONAL FIELD,POLAR MOTION,ANNUAL ELLIPTICAL COMPONENT,,,9d184041-9848-4f76-affd-74f4e4fd7462
2777,EARTH SCIENCE,SOLID EARTH,GRAVITY/GRAVITATIONAL FIELD,POLAR MOTION,CHANDLER CIRCULAR COMPONENT,,,a983aad3-c72a-49e8-8de9-e0aaf35e14b3
2778,EARTH SCIENCE,SOLID EARTH,GRAVITY/GRAVITATIONAL FIELD,POLAR MOTION,,,,c44b078d-ec95-47d5-9a43-ba8475e568d2
2779,EARTH SCIENCE,SOLID EARTH,GRAVITY/GRAVITATIONAL FIELD,ROTATIONAL MOTION/VARIATIONS,ROTATIONAL RATE/SPEED,,,d5d9bd6a-92c4-49ac-bddf-0077cf804ea7
2780,EARTH SCIENCE,SOLID EARTH,GRAVITY/GRAVITATIONAL FIELD,ROTATIONAL MOTION/VARIATIONS,TIDAL FRICTION,,,4bb526d7-2c14-43bc-a2a7-f166b5c41a3a
2781,EARTH SCIENCE,SOLID EARTH,GRAVITY/GRAVITATIONAL FIELD,ROTATIONAL MOTION/VARIATIONS,,,,05225982-60ab-4772-a0b7-f67c3b853ab9
2782,EARTH SCIENCE,SOLID EARTH,GRAVITY/GRAVITATIONAL FIELD,SATELLITE ORBITS/REVOLUTION,ANGLE OF ELEVATION,,,96427b44-91a8-4ace-8276-0117948878ee
2783,EARTH SCIENCE,SOLID EARTH,GRAVITY/GRAVITATIONAL FIELD,SATELLITE ORBITS/REVOLUTION,ANGLE OF INCLINATION,,,025d666e-a5bb-48b5-9890-129e60104611
2784,EARTH SCIENCE,SOLID EARTH,GRAVITY/GRAVITATIONAL FIELD,SATELLITE ORBITS/REVOLUTION,ORBIT TYPE,,,e709d2f9-c110-4e71-b4da-ff1a7c382d99
2785,EARTH SCIENCE,SOLID EARTH,GRAVITY/GRAVITATIONAL FIELD,SATELLITE ORBITS/REVOLUTION,ORBIT VELOCITY,,,53eeb68a-615d-42d0-9c6b-ddfe0d0eb2c7
2786,EARTH SCIENCE,SOLID EARTH,GRAVITY/GRAVITATIONAL FIELD,SATELLITE ORBITS/REVOLUTION,ORBITAL POSITION,,,e72ba365-ea43-42ef-acd1-05ac5c46f29a
2787,EARTH SCIENCE,SOLID EARTH,GRAVITY/GRAVITATIONAL FIELD,SATELLITE ORBITS/REVOLUTION,,,,71278ba7-9a13-43ba-9ec3-62ae2b39de88
2788,EARTH SCIENCE,SOLID EARTH,GRAVITY/GRAVITATIONAL FIELD,,,,,221386f6-ef9b-4990-82b3-f990b0fe39fa
2789,EARTH SCIENCE,SOLID EARTH,ROCKS/MINERALS/CRYSTALS,AGE DETERMINATIONS,,,,d4ac49a1-9ba5-4a90-a033-2ef317028352
2790,EARTH SCIENCE,SOLID EARTH,ROCKS/MINERALS/CRYSTALS,BEDROCK LITHOLOGY,,,,4beaeec9-0750-44e6-8fb4-8d0085efc82e
2791,EARTH SCIENCE,SOLID EARTH,ROCKS/MINERALS/CRYSTALS,ELEMENTS,MAJOR ELEMENTS,,,2440389a-d0d9-445a-9dce-908900f0c3a7
2792,EARTH SCIENCE,SOLID EARTH,ROCKS/MINERALS/CRYSTALS,ELEMENTS,MINOR ELEMENTS,,,63cf1bca-72c7-4f5e-8018-3d22befa7147
2793,EARTH SCIENCE,SOLID EARTH,ROCKS/MINERALS/CRYSTALS,ELEMENTS,RADIOACTIVE ELEMENTS,,,334f47c1-fd13-483f-b493-e69a9e93d553
2794,EARTH SCIENCE,SOLID EARTH,ROCKS/MINERALS/CRYSTALS,ELEMENTS,TRACE ELEMENTS,,,c3c898d7-14db-4536-bd86-f8f222167195
2795,EARTH SCIENCE,SOLID EARTH,ROCKS/MINERALS/CRYSTALS,ELEMENTS,,,,da22144c-634d-4007-aba9-e636a9f2fa3f
2796,EARTH SCIENCE,SOLID EARTH,ROCKS/MINERALS/CRYSTALS,GAS HYDRATES,GAS HYDRATES AGE DETERMINATIONS,,,43561874-c5c4-47d5-8daf-e99fab694042
2797,EARTH SCIENCE,SOLID EARTH,ROCKS/MINERALS/CRYSTALS,GAS HYDRATES,GAS HYDRATES FORMATION,,,9589c9f5-fd13-4809-b26c-bd71db371836
2798,EARTH SCIENCE,SOLID EARTH,ROCKS/MINERALS/CRYSTALS,GAS HYDRATES,GAS HYDRATES PHYSICAL/OPTICAL PROPERTIES,CLEAVAGE,,ec950d11-30a8-44c3-b1f3-8e93b131211f
2799,EARTH SCIENCE,SOLID EARTH,ROCKS/MINERALS/CRYSTALS,GAS HYDRATES,GAS HYDRATES PHYSICAL/OPTICAL PROPERTIES,COLOR,,c5bc5153-d8ed-455b-9a05-aebb1026e2fb
2800,EARTH SCIENCE,SOLID EARTH,ROCKS/MINERALS/CRYSTALS,GAS HYDRATES,GAS HYDRATES PHYSICAL/OPTICAL PROPERTIES,COMPOSITION/TEXTURE,,8d396c19-6c45-44f6-9b59-53e1c3712622
2801,EARTH SCIENCE,SOLID EARTH,ROCKS/MINERALS/CRYSTALS,GAS HYDRATES,GAS HYDRATES PHYSICAL/OPTICAL PROPERTIES,ELECTRICAL,,dfb9f260-ce31-4bdc-99af-f3a6f89f52a2
2802,EARTH SCIENCE,SOLID EARTH,ROCKS/MINERALS/CRYSTALS,GAS HYDRATES,GAS HYDRATES PHYSICAL/OPTICAL PROPERTIES,HARDNESS,,26ea8426-2996-4b93-aff2-f3b9cd2f8a7a
2803,EARTH SCIENCE,SOLID EARTH,ROCKS/MINERALS/CRYSTALS,GAS HYDRATES,GAS HYDRATES PHYSICAL/OPTICAL PROPERTIES,LUMINESCENCE,,03939ec7-9310-4440-b761-c8a6b32f1f43
2804,EARTH SCIENCE,SOLID EARTH,ROCKS/MINERALS/CRYSTALS,GAS HYDRATES,GAS HYDRATES PHYSICAL/OPTICAL PROPERTIES,LUSTER,,a4596f71-207c-4037-b3a1-7ab0cd12daec
2805,EARTH SCIENCE,SOLID EARTH,ROCKS/MINERALS/CRYSTALS,GAS HYDRATES,GAS HYDRATES PHYSICAL/OPTICAL PROPERTIES,REFLECTION,,60e242ac-0f08-4574-bf92-b5e6536603cb
2806,EARTH SCIENCE,SOLID EARTH,ROCKS/MINERALS/CRYSTALS,GAS HYDRATES,GAS HYDRATES PHYSICAL/OPTICAL PROPERTIES,SPECIFIC GRAVITY,,2b1b868a-71ff-4a9e-9d32-371a4b91f1a3
2807,EARTH SCIENCE,SOLID EARTH,ROCKS/MINERALS/CRYSTALS,GAS HYDRATES,GAS HYDRATES PHYSICAL/OPTICAL PROPERTIES,STABILITY,,23da8344-174b-4931-b460-9fcfaf824ec9
2808,EARTH SCIENCE,SOLID EARTH,ROCKS/MINERALS/CRYSTALS,GAS HYDRATES,GAS HYDRATES PHYSICAL/OPTICAL PROPERTIES,,,1f76b928-d41a-4fbd-9da7-b8602f0183bd
2809,EARTH SCIENCE,SOLID EARTH,ROCKS/MINERALS/CRYSTALS,GAS HYDRATES,GAS HYDRATES VERTICAL/GEOGRAPHIC DISTRIBUTION,,,7a20b919-a6f6-453e-9055-a66a9da8594b
2810,EARTH SCIENCE,SOLID EARTH,ROCKS/MINERALS/CRYSTALS,GAS HYDRATES,,,,a654a922-8b69-46f2-be40-d4d830ce999c
2811,EARTH SCIENCE,SOLID EARTH,ROCKS/MINERALS/CRYSTALS,IGNEOUS ROCKS,IGNEOUS ROCK AGE DETERMINATIONS,,,53e3eeca-265b-42d8-ad64-bfcc2acdad26
2812,EARTH SCIENCE,SOLID EARTH,ROCKS/MINERALS/CRYSTALS,IGNEOUS ROCKS,IGNEOUS ROCK FORMATION,,,984d4966-070d-4f8c-85e7-83bb0fd804a8
2813,EARTH SCIENCE,SOLID EARTH,ROCKS/MINERALS/CRYSTALS,IGNEOUS ROCKS,IGNEOUS ROCK PHYSICAL/OPTICAL PROPERTIES,CLEAVAGE,,746a7f6e-8923-47a1-9e95-9103a1231fc4
2814,EARTH SCIENCE,SOLID EARTH,ROCKS/MINERALS/CRYSTALS,IGNEOUS ROCKS,IGNEOUS ROCK PHYSICAL/OPTICAL PROPERTIES,COLOR,,7ca1ab0a-2aa1-438c-b4c0-93dd8db37bb1
2815,EARTH SCIENCE,SOLID EARTH,ROCKS/MINERALS/CRYSTALS,IGNEOUS ROCKS,IGNEOUS ROCK PHYSICAL/OPTICAL PROPERTIES,COMPOSITION/TEXTURE,,2cb4e7de-fba7-420a-9137-ac10e298fd63
2816,EARTH SCIENCE,SOLID EARTH,ROCKS/MINERALS/CRYSTALS,IGNEOUS ROCKS,IGNEOUS ROCK PHYSICAL/OPTICAL PROPERTIES,ELECTRICAL,,8cd774ee-2437-4790-ae2c-4492ecfc5013
2817,EARTH SCIENCE,SOLID EARTH,ROCKS/MINERALS/CRYSTALS,IGNEOUS ROCKS,IGNEOUS ROCK PHYSICAL/OPTICAL PROPERTIES,HARDNESS,,8443b43e-9512-4389-bc89-11c7510144f6
2818,EARTH SCIENCE,SOLID EARTH,ROCKS/MINERALS/CRYSTALS,IGNEOUS ROCKS,IGNEOUS ROCK PHYSICAL/OPTICAL PROPERTIES,LUMINESCENCE,,bd075d4b-1112-4290-920d-cf15280d54b8
2819,EARTH SCIENCE,SOLID EARTH,ROCKS/MINERALS/CRYSTALS,IGNEOUS ROCKS,IGNEOUS ROCK PHYSICAL/OPTICAL PROPERTIES,LUSTER,,e1e3f623-5a18-46a8-b8a8-22c082b643ad
2820,EARTH SCIENCE,SOLID EARTH,ROCKS/MINERALS/CRYSTALS,IGNEOUS ROCKS,IGNEOUS ROCK PHYSICAL/OPTICAL PROPERTIES,REFLECTION,,19791e07-39bf-4635-b695-a819e38e20ca
2821,EARTH SCIENCE,SOLID EARTH,ROCKS/MINERALS/CRYSTALS,IGNEOUS ROCKS,IGNEOUS ROCK PHYSICAL/OPTICAL PROPERTIES,SPECIFIC GRAVITY,,ba73a304-0302-40bc-af08-79d923054162
2822,EARTH SCIENCE,SOLID EARTH,ROCKS/MINERALS/CRYSTALS,IGNEOUS ROCKS,IGNEOUS ROCK PHYSICAL/OPTICAL PROPERTIES,STABILITY,,92b21b46-90e1-4ea6-a5be-e2ce663a028d
2823,EARTH SCIENCE,SOLID EARTH,ROCKS/MINERALS/CRYSTALS,IGNEOUS ROCKS,IGNEOUS ROCK PHYSICAL/OPTICAL PROPERTIES,,,a17a781d-01b0-470c-a4e2-e91ca8b1fbdc
2824,EARTH SCIENCE,SOLID EARTH,ROCKS/MINERALS/CRYSTALS,IGNEOUS ROCKS,IGNEOUS ROCK VERTICAL/GEOGRAPHIC DISTRIBUTION,,,16499bb4-95bd-4bc0-b8d8-1fd11ca7d44d
2825,EARTH SCIENCE,SOLID EARTH,ROCKS/MINERALS/CRYSTALS,IGNEOUS ROCKS,,,,e8d97ffd-2fd2-4989-88a7-9772fc9b7cd8
2826,EARTH SCIENCE,SOLID EARTH,ROCKS/MINERALS/CRYSTALS,METALS,METALS AGE DETERMINATIONS,,,a1b409b9-bf98-490a-8af5-f64fcda17a54
2827,EARTH SCIENCE,SOLID EARTH,ROCKS/MINERALS/CRYSTALS,METALS,METALS PHYSICAL/OPTICAL PROPERTIES,CLEAVAGE,,37edb662-820e-410f-a45c-7a419bce0c8b
2828,EARTH SCIENCE,SOLID EARTH,ROCKS/MINERALS/CRYSTALS,METALS,METALS PHYSICAL/OPTICAL PROPERTIES,COLOR,,a2a5a2e1-6ac8-4bd4-9fe6-00f043bc148b
2829,EARTH SCIENCE,SOLID EARTH,ROCKS/MINERALS/CRYSTALS,METALS,METALS PHYSICAL/OPTICAL PROPERTIES,COMPOSITION/STRUCTURE,,1afa91ea-2b60-48d6-b065-093cd20408cd
2830,EARTH SCIENCE,SOLID EARTH,ROCKS/MINERALS/CRYSTALS,METALS,METALS PHYSICAL/OPTICAL PROPERTIES,ELECTRICAL,,ebebffc8-474e-46a9-b194-5cfe5a309e88
2831,EARTH SCIENCE,SOLID EARTH,ROCKS/MINERALS/CRYSTALS,METALS,METALS PHYSICAL/OPTICAL PROPERTIES,HARDNESS,,ebc1d1d7-98b7-4448-a6b0-80b15de99259
2832,EARTH SCIENCE,SOLID EARTH,ROCKS/MINERALS/CRYSTALS,METALS,METALS PHYSICAL/OPTICAL PROPERTIES,LUMINESCENCE,,b727b561-f738-436d-bb96-137b455bb54a
2833,EARTH SCIENCE,SOLID EARTH,ROCKS/MINERALS/CRYSTALS,METALS,METALS PHYSICAL/OPTICAL PROPERTIES,LUSTER,,af12ef6b-836b-40bf-959b-ec2d82c87389
2834,EARTH SCIENCE,SOLID EARTH,ROCKS/MINERALS/CRYSTALS,METALS,METALS PHYSICAL/OPTICAL PROPERTIES,REFLECTION,,f9385327-31fe-49a6-b3d6-073d6897ff4a
2835,EARTH SCIENCE,SOLID EARTH,ROCKS/MINERALS/CRYSTALS,METALS,METALS PHYSICAL/OPTICAL PROPERTIES,SPECIFIC GRAVITY,,c3a008a8-0af3-4595-9c32-1fc8bee47c9f
2836,EARTH SCIENCE,SOLID EARTH,ROCKS/MINERALS/CRYSTALS,METALS,METALS PHYSICAL/OPTICAL PROPERTIES,STABILITY,,3ff1adcf-563f-47b3-902e-0231051dc8e7
2837,EARTH SCIENCE,SOLID EARTH,ROCKS/MINERALS/CRYSTALS,METALS,METALS PHYSICAL/OPTICAL PROPERTIES,,,85d46af8-f6ce-490d-a971-0f03b301c1e4
2838,EARTH SCIENCE,SOLID EARTH,ROCKS/MINERALS/CRYSTALS,METALS,METALS VERTICAL/GEOGRAPHIC DISTRIBUTION,,,fbc418a0-5d32-43ab-9f1f-e81b9d8534e1
2839,EARTH SCIENCE,SOLID EARTH,ROCKS/MINERALS/CRYSTALS,METALS,,,,7b76bca5-32ee-4285-8550-0de120b01a13
2840,EARTH SCIENCE,SOLID EARTH,ROCKS/MINERALS/CRYSTALS,METAMORPHIC ROCKS,METAMORPHIC ROCK AGE DETERMINATIONS,,,02a53a61-4fd2-4294-9dcc-071f701bc263
2841,EARTH SCIENCE,SOLID EARTH,ROCKS/MINERALS/CRYSTALS,METAMORPHIC ROCKS,METAMORPHIC ROCK FORMATION,,,a243624b-a9c8-4c53-84d1-bb0fe2a71ef6
2842,EARTH SCIENCE,SOLID EARTH,ROCKS/MINERALS/CRYSTALS,METAMORPHIC ROCKS,METAMORPHIC ROCK PHYSICAL/OPTICAL PROPERTIES,CLEAVAGE,,f433284b-5def-465b-a532-62f0961294d0
2843,EARTH SCIENCE,SOLID EARTH,ROCKS/MINERALS/CRYSTALS,METAMORPHIC ROCKS,METAMORPHIC ROCK PHYSICAL/OPTICAL PROPERTIES,COLOR,,ee3df8b7-0b0b-40ed-b9fa-cc3205d95669
2844,EARTH SCIENCE,SOLID EARTH,ROCKS/MINERALS/CRYSTALS,METAMORPHIC ROCKS,METAMORPHIC ROCK PHYSICAL/OPTICAL PROPERTIES,COMPOSITION/TEXTURE,,9dbdb70e-7bea-4473-a7a9-9a7edf843af1
2845,EARTH SCIENCE,SOLID EARTH,ROCKS/MINERALS/CRYSTALS,METAMORPHIC ROCKS,METAMORPHIC ROCK PHYSICAL/OPTICAL PROPERTIES,ELECTRICIAL,,abd86f50-fc17-4020-a6ac-f0066fc5f7ec
2846,EARTH SCIENCE,SOLID EARTH,ROCKS/MINERALS/CRYSTALS,METAMORPHIC ROCKS,METAMORPHIC ROCK PHYSICAL/OPTICAL PROPERTIES,HARDNESS,,953aecfe-a93d-4994-906f-5a1f8c4baa76
2847,EARTH SCIENCE,SOLID EARTH,ROCKS/MINERALS/CRYSTALS,METAMORPHIC ROCKS,METAMORPHIC ROCK PHYSICAL/OPTICAL PROPERTIES,LUMINESCENCE,,f8740a28-ec13-4ce8-8541-2ecae035b297
2848,EARTH SCIENCE,SOLID EARTH,ROCKS/MINERALS/CRYSTALS,METAMORPHIC ROCKS,METAMORPHIC ROCK PHYSICAL/OPTICAL PROPERTIES,LUSTER,,93aee4f9-2bcc-4208-b538-0c92f1ac1f42
2849,EARTH SCIENCE,SOLID EARTH,ROCKS/MINERALS/CRYSTALS,METAMORPHIC ROCKS,METAMORPHIC ROCK PHYSICAL/OPTICAL PROPERTIES,REFLECTION,,94bc302a-d9ce-4f8f-982b-08a35772e5e9
2850,EARTH SCIENCE,SOLID EARTH,ROCKS/MINERALS/CRYSTALS,METAMORPHIC ROCKS,METAMORPHIC ROCK PHYSICAL/OPTICAL PROPERTIES,SPECIFIC GRAVITY,,3fa18e78-7b40-425b-8773-ad3f0dab7cf4
2851,EARTH SCIENCE,SOLID EARTH,ROCKS/MINERALS/CRYSTALS,METAMORPHIC ROCKS,METAMORPHIC ROCK PHYSICAL/OPTICAL PROPERTIES,STABILITY,,0cbc201c-f58a-44a2-9515-f23eefc9be03
2852,EARTH SCIENCE,SOLID EARTH,ROCKS/MINERALS/CRYSTALS,METAMORPHIC ROCKS,METAMORPHIC ROCK PHYSICAL/OPTICAL PROPERTIES,,,2d38e7c6-8169-49e9-ab9d-0d0f690cce04
2853,EARTH SCIENCE,SOLID EARTH,ROCKS/MINERALS/CRYSTALS,METAMORPHIC ROCKS,METAMORPHIC ROCK VERTICAL/GEOGRAPHIC DISTRIBUTION,,,5d80d2d2-7841-4734-a8c5-5d60679e3830
2854,EARTH SCIENCE,SOLID EARTH,ROCKS/MINERALS/CRYSTALS,METAMORPHIC ROCKS,,,,d220bbb1-410e-4b77-9663-78cb68c6b134
2855,EARTH SCIENCE,SOLID EARTH,ROCKS/MINERALS/CRYSTALS,METEORITES,METEORITE AGE DETERMINATIONS,,,6d75d735-7dac-42a2-8f87-2dfcbe3cf545
2856,EARTH SCIENCE,SOLID EARTH,ROCKS/MINERALS/CRYSTALS,METEORITES,METEORITE ORIGIN,,,d45ccf89-7f8c-4a61-b46d-c34dca21c879
2857,EARTH SCIENCE,SOLID EARTH,ROCKS/MINERALS/CRYSTALS,METEORITES,METEORITE PHYSICAL/OPTICAL PROPERTIES,CLEAVAGE,,d9add64c-1764-4ddb-b088-71c77084a2f5
2858,EARTH SCIENCE,SOLID EARTH,ROCKS/MINERALS/CRYSTALS,METEORITES,METEORITE PHYSICAL/OPTICAL PROPERTIES,COLOR,,f54cb873-f20a-4476-835e-fd968c9b1937
2859,EARTH SCIENCE,SOLID EARTH,ROCKS/MINERALS/CRYSTALS,METEORITES,METEORITE PHYSICAL/OPTICAL PROPERTIES,COMPOSITION/STRUCTURE,,94370298-393b-4faa-bbb1-f8b6a47b9d56
2860,EARTH SCIENCE,SOLID EARTH,ROCKS/MINERALS/CRYSTALS,METEORITES,METEORITE PHYSICAL/OPTICAL PROPERTIES,ELECTRICAL,,0de2a94f-9bd1-4ad0-b5b8-4a8237d049bf
2861,EARTH SCIENCE,SOLID EARTH,ROCKS/MINERALS/CRYSTALS,METEORITES,METEORITE PHYSICAL/OPTICAL PROPERTIES,HARDNESS,,a2c042a4-2658-48c1-a511-7a5dbff2b63d
2862,EARTH SCIENCE,SOLID EARTH,ROCKS/MINERALS/CRYSTALS,METEORITES,METEORITE PHYSICAL/OPTICAL PROPERTIES,LUMINESCENCE,,83aff0db-35fd-45f9-b409-692b17941f79
2863,EARTH SCIENCE,SOLID EARTH,ROCKS/MINERALS/CRYSTALS,METEORITES,METEORITE PHYSICAL/OPTICAL PROPERTIES,LUSTER,,651a6368-251e-45f6-8496-1f798de85db5
2864,EARTH SCIENCE,SOLID EARTH,ROCKS/MINERALS/CRYSTALS,METEORITES,METEORITE PHYSICAL/OPTICAL PROPERTIES,REFLECTION,,547c2bee-40ce-4b23-8338-5fa7c6ad8a8d
2865,EARTH SCIENCE,SOLID EARTH,ROCKS/MINERALS/CRYSTALS,METEORITES,METEORITE PHYSICAL/OPTICAL PROPERTIES,SPECIFIC GRAVITY,,7b6d19eb-616b-45cf-a1e6-cc8b549128f1
2866,EARTH SCIENCE,SOLID EARTH,ROCKS/MINERALS/CRYSTALS,METEORITES,METEORITE PHYSICAL/OPTICAL PROPERTIES,STABILITY,,a1d083b5-3233-4053-a479-4eb7d347c34b
2867,EARTH SCIENCE,SOLID EARTH,ROCKS/MINERALS/CRYSTALS,METEORITES,METEORITE PHYSICAL/OPTICAL PROPERTIES,,,3ff47a50-2f58-489b-96a7-74e1d40cf0f2
2868,EARTH SCIENCE,SOLID EARTH,ROCKS/MINERALS/CRYSTALS,METEORITES,METEORITE VERTICAL/GEOGRPAHIC DISTRIBUTION,LUSTER,,5a8bc1e7-a74d-4acc-9ac2-8fea047068a8
2869,EARTH SCIENCE,SOLID EARTH,ROCKS/MINERALS/CRYSTALS,METEORITES,METEORITE VERTICAL/GEOGRPAHIC DISTRIBUTION,,,e468e55a-5bee-413e-8cbd-c9706e28eb93
2870,EARTH SCIENCE,SOLID EARTH,ROCKS/MINERALS/CRYSTALS,METEORITES,,,,96be1efc-d5e2-423d-8ade-00b3d454244d
2871,EARTH SCIENCE,SOLID EARTH,ROCKS/MINERALS/CRYSTALS,MINERALS,MINERAL AGE DETERMINATIONS,,,239c04ba-6f82-4d4f-a60b-a1ee49301e0f
2872,EARTH SCIENCE,SOLID EARTH,ROCKS/MINERALS/CRYSTALS,MINERALS,MINERAL FORMATION,,,f6ce9d55-4183-4433-a615-4c4f01d7810b
2873,EARTH SCIENCE,SOLID EARTH,ROCKS/MINERALS/CRYSTALS,MINERALS,MINERAL PHYSICAL/OPTICAL PROPERTIES,CLEAVAGE,,a40aafdc-dcc0-43f0-bc57-3a567631fa3b
2874,EARTH SCIENCE,SOLID EARTH,ROCKS/MINERALS/CRYSTALS,MINERALS,MINERAL PHYSICAL/OPTICAL PROPERTIES,COLOR,,d8bea85a-4578-410f-b58a-4927b8963aef
2875,EARTH SCIENCE,SOLID EARTH,ROCKS/MINERALS/CRYSTALS,MINERALS,MINERAL PHYSICAL/OPTICAL PROPERTIES,COMPOSITION/TEXTURE,,9d828679-c6d3-4f74-9489-d9688509a025
2876,EARTH SCIENCE,SOLID EARTH,ROCKS/MINERALS/CRYSTALS,MINERALS,MINERAL PHYSICAL/OPTICAL PROPERTIES,ELECTRICAL,,a9f3ac40-047e-4649-bf0f-03480d6174ae
2877,EARTH SCIENCE,SOLID EARTH,ROCKS/MINERALS/CRYSTALS,MINERALS,MINERAL PHYSICAL/OPTICAL PROPERTIES,HARDNESS,,1545d45e-a4e6-43bd-a3ae-8d3a0a25b41e
2878,EARTH SCIENCE,SOLID EARTH,ROCKS/MINERALS/CRYSTALS,MINERALS,MINERAL PHYSICAL/OPTICAL PROPERTIES,LUMINESCENCE,,307f8625-b4cf-4856-9d62-b200e94429a2
2879,EARTH SCIENCE,SOLID EARTH,ROCKS/MINERALS/CRYSTALS,MINERALS,MINERAL PHYSICAL/OPTICAL PROPERTIES,LUSTER,,1c44d356-308d-4f92-8fe4-201edff3a02e
2880,EARTH SCIENCE,SOLID EARTH,ROCKS/MINERALS/CRYSTALS,MINERALS,MINERAL PHYSICAL/OPTICAL PROPERTIES,REFLECTION,,f2057998-1d06-4e58-9177-447942355d66
2881,EARTH SCIENCE,SOLID EARTH,ROCKS/MINERALS/CRYSTALS,MINERALS,MINERAL PHYSICAL/OPTICAL PROPERTIES,SPECIFIC GRAVITY,,cef686dd-4efe-4e4a-b6ef-360879b20dc9
2882,EARTH SCIENCE,SOLID EARTH,ROCKS/MINERALS/CRYSTALS,MINERALS,MINERAL PHYSICAL/OPTICAL PROPERTIES,STABILITY,,3feb3e65-5a44-46db-ba7b-ceb695e4fb50
2883,EARTH SCIENCE,SOLID EARTH,ROCKS/MINERALS/CRYSTALS,MINERALS,MINERAL PHYSICAL/OPTICAL PROPERTIES,,,da269095-7270-4a0d-8b43-2c85bd42dd90
2884,EARTH SCIENCE,SOLID EARTH,ROCKS/MINERALS/CRYSTALS,MINERALS,MINERAL VERTICAL/GEOGRAPHIC DISTRIBUTION,,,cbac3817-116f-4280-b32d-d30bb0f37cbd
2885,EARTH SCIENCE,SOLID EARTH,ROCKS/MINERALS/CRYSTALS,MINERALS,MINERALOIDS,,,56373f39-7c27-4a77-bb52-c4defee751f8
2886,EARTH SCIENCE,SOLID EARTH,ROCKS/MINERALS/CRYSTALS,MINERALS,,,,387a51ad-382f-4297-be72-fdd4bb0fe3f9
2887,EARTH SCIENCE,SOLID EARTH,ROCKS/MINERALS/CRYSTALS,NON-METALLIC MINERALS,NON-METALLIC MINERAL AGE DETERMINATIONS,,,497ec0b6-a732-4d97-9e5a-09eaf5ed4607
2888,EARTH SCIENCE,SOLID EARTH,ROCKS/MINERALS/CRYSTALS,NON-METALLIC MINERALS,NON-METALLIC MINERAL FORMATION,,,2b4d3c45-8713-4ec9-9565-866bb01be9f9
2889,EARTH SCIENCE,SOLID EARTH,ROCKS/MINERALS/CRYSTALS,NON-METALLIC MINERALS,NON-METALLIC MINERAL PHYSICAL/OPTICAL PROPERTIES,CLEAVAGE,,6a22f994-b311-4042-b517-35612ccf2bb6
2890,EARTH SCIENCE,SOLID EARTH,ROCKS/MINERALS/CRYSTALS,NON-METALLIC MINERALS,NON-METALLIC MINERAL PHYSICAL/OPTICAL PROPERTIES,COLOR,,bac88c42-fd8d-4970-878d-441977f00ffc
2891,EARTH SCIENCE,SOLID EARTH,ROCKS/MINERALS/CRYSTALS,NON-METALLIC MINERALS,NON-METALLIC MINERAL PHYSICAL/OPTICAL PROPERTIES,COMPOSITION/TEXTURE,,f53dd88a-d2a0-4a97-bdcf-70e013461bbe
2892,EARTH SCIENCE,SOLID EARTH,ROCKS/MINERALS/CRYSTALS,NON-METALLIC MINERALS,NON-METALLIC MINERAL PHYSICAL/OPTICAL PROPERTIES,ELECTRICAL,,ffc61516-ea33-48f3-94df-7065fea388ee
2893,EARTH SCIENCE,SOLID EARTH,ROCKS/MINERALS/CRYSTALS,NON-METALLIC MINERALS,NON-METALLIC MINERAL PHYSICAL/OPTICAL PROPERTIES,HARDNESS,,70cebb8f-f944-4fe7-be08-1ed86d50eb7c
2894,EARTH SCIENCE,SOLID EARTH,ROCKS/MINERALS/CRYSTALS,NON-METALLIC MINERALS,NON-METALLIC MINERAL PHYSICAL/OPTICAL PROPERTIES,LUMINESCENCE,,a8f6fca6-7a5e-49f7-9b32-813aaf42d0db
2895,EARTH SCIENCE,SOLID EARTH,ROCKS/MINERALS/CRYSTALS,NON-METALLIC MINERALS,NON-METALLIC MINERAL PHYSICAL/OPTICAL PROPERTIES,LUSTER,,2e806852-5790-484f-9aee-a7cfc6683ec0
2896,EARTH SCIENCE,SOLID EARTH,ROCKS/MINERALS/CRYSTALS,NON-METALLIC MINERALS,NON-METALLIC MINERAL PHYSICAL/OPTICAL PROPERTIES,REFLECTION,,9911bf57-9d52-4fb3-a915-9e522e9845d5
2897,EARTH SCIENCE,SOLID EARTH,ROCKS/MINERALS/CRYSTALS,NON-METALLIC MINERALS,NON-METALLIC MINERAL PHYSICAL/OPTICAL PROPERTIES,SPECIFIC GRAVITY,,42632143-3d8c-40d9-a0ab-9fdffb98a6c9
2898,EARTH SCIENCE,SOLID EARTH,ROCKS/MINERALS/CRYSTALS,NON-METALLIC MINERALS,NON-METALLIC MINERAL PHYSICAL/OPTICAL PROPERTIES,STABILITY,,07d5a2e4-47ef-4bee-81a7-42ef2eb7a77c
2899,EARTH SCIENCE,SOLID EARTH,ROCKS/MINERALS/CRYSTALS,NON-METALLIC MINERALS,NON-METALLIC MINERAL PHYSICAL/OPTICAL PROPERTIES,,,42424cb5-aa02-4e7e-b164-b2a3324285c6
2900,EARTH SCIENCE,SOLID EARTH,ROCKS/MINERALS/CRYSTALS,NON-METALLIC MINERALS,NON-METALLIC MINERAL VERTICAL/GEOGRAPHIC DISTRIBUTION,,,1980c6c6-50f0-45a1-9a28-668f1372c09e
2901,EARTH SCIENCE,SOLID EARTH,ROCKS/MINERALS/CRYSTALS,NON-METALLIC MINERALS,,,,d64a9627-3cf8-41d3-aaf7-8c2c46fb4a13
2902,EARTH SCIENCE,SOLID EARTH,ROCKS/MINERALS/CRYSTALS,SEDIMENTARY ROCKS,COAL,,,8b726747-6eba-4ce6-bfc6-ee84616a1862
2903,EARTH SCIENCE,SOLID EARTH,ROCKS/MINERALS/CRYSTALS,SEDIMENTARY ROCKS,SEDIMENTARY ROCK AGE DETERMINATIONS,,,701f2b6f-34b0-4f69-941e-c2c5545abc0b
2904,EARTH SCIENCE,SOLID EARTH,ROCKS/MINERALS/CRYSTALS,SEDIMENTARY ROCKS,SEDIMENTARY ROCK FORMATION,,,8777e995-2acc-40cd-b81a-f0c7b69df23e
2905,EARTH SCIENCE,SOLID EARTH,ROCKS/MINERALS/CRYSTALS,SEDIMENTARY ROCKS,SEDIMENTARY ROCK PHYSICAL/OPTICAL PROPERTIES,CLEAVAGE,,b5ae8710-8c7e-48ab-bf0f-2f18b2598a5a
2906,EARTH SCIENCE,SOLID EARTH,ROCKS/MINERALS/CRYSTALS,SEDIMENTARY ROCKS,SEDIMENTARY ROCK PHYSICAL/OPTICAL PROPERTIES,COLOR,,e0c40575-4033-4e91-9874-3cd83ce80bc1
2907,EARTH SCIENCE,SOLID EARTH,ROCKS/MINERALS/CRYSTALS,SEDIMENTARY ROCKS,SEDIMENTARY ROCK PHYSICAL/OPTICAL PROPERTIES,COMPOSITION/TEXTURE,,dbfa6bae-c59a-4c41-b3d1-12b3fd6b5641
2908,EARTH SCIENCE,SOLID EARTH,ROCKS/MINERALS/CRYSTALS,SEDIMENTARY ROCKS,SEDIMENTARY ROCK PHYSICAL/OPTICAL PROPERTIES,ELECTRICAL,,f5cd9ac7-6b10-44dd-8b1d-660a7a681518
2909,EARTH SCIENCE,SOLID EARTH,ROCKS/MINERALS/CRYSTALS,SEDIMENTARY ROCKS,SEDIMENTARY ROCK PHYSICAL/OPTICAL PROPERTIES,HARDNESS,,99d75da3-aa22-4d29-9a56-7e0413665031
2910,EARTH SCIENCE,SOLID EARTH,ROCKS/MINERALS/CRYSTALS,SEDIMENTARY ROCKS,SEDIMENTARY ROCK PHYSICAL/OPTICAL PROPERTIES,LUMINESCENCE,,3e705ebc-c58f-460d-b5e7-1da05ee45cc1
2911,EARTH SCIENCE,SOLID EARTH,ROCKS/MINERALS/CRYSTALS,SEDIMENTARY ROCKS,SEDIMENTARY ROCK PHYSICAL/OPTICAL PROPERTIES,LUSTER,,1fca9e52-07fa-424b-b75a-ef1003e77b56
2912,EARTH SCIENCE,SOLID EARTH,ROCKS/MINERALS/CRYSTALS,SEDIMENTARY ROCKS,SEDIMENTARY ROCK PHYSICAL/OPTICAL PROPERTIES,REFLECTION,,73e9349c-08db-4ca5-87f8-bbe785c25629
2913,EARTH SCIENCE,SOLID EARTH,ROCKS/MINERALS/CRYSTALS,SEDIMENTARY ROCKS,SEDIMENTARY ROCK PHYSICAL/OPTICAL PROPERTIES,SPECIFIC GRAVITY,,383eb3f9-49bb-4210-ab59-030eeb1f68c3
2914,EARTH SCIENCE,SOLID EARTH,ROCKS/MINERALS/CRYSTALS,SEDIMENTARY ROCKS,SEDIMENTARY ROCK PHYSICAL/OPTICAL PROPERTIES,STABILITY,,54a4a67a-b1ed-429b-876b-a595164a807c
2915,EARTH SCIENCE,SOLID EARTH,ROCKS/MINERALS/CRYSTALS,SEDIMENTARY ROCKS,SEDIMENTARY ROCK PHYSICAL/OPTICAL PROPERTIES,,,609aeae6-388f-41a1-8813-a2e760e8fdb7
2916,EARTH SCIENCE,SOLID EARTH,ROCKS/MINERALS/CRYSTALS,SEDIMENTARY ROCKS,SEDIMENTARY ROCK VERTICAL/GEOGRAPHIC DISTRIBUTION,,,23706ac6-8f15-4548-b1c5-6594d825d56d
2917,EARTH SCIENCE,SOLID EARTH,ROCKS/MINERALS/CRYSTALS,SEDIMENTARY ROCKS,,,,85353d7b-05d8-4c32-a5b2-065f1f22f026
2918,EARTH SCIENCE,SOLID EARTH,ROCKS/MINERALS/CRYSTALS,SEDIMENTS,,,,6600ace1-fc1e-4b5a-9f82-0afa19acf037
2919,EARTH SCIENCE,SOLID EARTH,ROCKS/MINERALS/CRYSTALS,,,,,ba8d7f68-ad3a-4874-bc75-312b24b1b1ac
2920,EARTH SCIENCE,SOLID EARTH,TECTONICS,CORE PROCESSES,,,,57503db6-7cff-4e92-bcac-1ba2c3c0cb48
2921,EARTH SCIENCE,SOLID EARTH,TECTONICS,EARTHQUAKES,EARTHQUAKE MAGNITUDE/INTENSITY,,,4bc185d3-e2c5-4acc-bce8-37fea7d8fc0b
2922,EARTH SCIENCE,SOLID EARTH,TECTONICS,EARTHQUAKES,EARTHQUAKE OCCURRENCES,,,752d4f80-a418-4a75-a9eb-772222af1746
2923,EARTH SCIENCE,SOLID EARTH,TECTONICS,EARTHQUAKES,EARTHQUAKE PREDICTIONS,,,131c1e46-efca-4478-a5d1-d7193483bb96
2924,EARTH SCIENCE,SOLID EARTH,TECTONICS,EARTHQUAKES,SEISMIC PROFILE,SEISMIC BODY WAVES,,f66893ce-3ea6-4c52-bc27-bc322a41b748
2925,EARTH SCIENCE,SOLID EARTH,TECTONICS,EARTHQUAKES,SEISMIC PROFILE,SEISMIC SURFACE WAVES,,02836842-3d46-46e0-a816-bd2f407f3fb3
2926,EARTH SCIENCE,SOLID EARTH,TECTONICS,EARTHQUAKES,SEISMIC PROFILE,,,688191e0-c70c-4cf9-a5b6-a26a2bca7198
2927,EARTH SCIENCE,SOLID EARTH,TECTONICS,EARTHQUAKES,,,,601d36fc-8171-475c-a1c5-84802aecb77e
2928,EARTH SCIENCE,SOLID EARTH,TECTONICS,NEOTECTONICS,,,,3ef98fe3-3471-414b-8b8c-e88d43c6aeaf
2929,EARTH SCIENCE,SOLID EARTH,TECTONICS,PLATE TECTONICS,CRUSTAL MOTION,CRUSTAL MOTION DIRECTION,,a629b645-2c5f-48d6-8363-71bc636457d6
2930,EARTH SCIENCE,SOLID EARTH,TECTONICS,PLATE TECTONICS,CRUSTAL MOTION,CRUSTAL MOTION RATE,,88a6ed54-6504-4787-9d98-d511d4f4ae83
2931,EARTH SCIENCE,SOLID EARTH,TECTONICS,PLATE TECTONICS,CRUSTAL MOTION,,,8dd8d272-fb6d-4eec-882a-f3be98800b42
2932,EARTH SCIENCE,SOLID EARTH,TECTONICS,PLATE TECTONICS,FAULT MOVEMENT,FAULT MOVEMENT DIRECTION,,399e5858-8238-451f-8da3-84dc9edfe9a2
2933,EARTH SCIENCE,SOLID EARTH,TECTONICS,PLATE TECTONICS,FAULT MOVEMENT,FAULT MOVEMENT RATE,,fbbd2aab-73d6-4945-bf1b-c6d543f3f79b
2934,EARTH SCIENCE,SOLID EARTH,TECTONICS,PLATE TECTONICS,FAULT MOVEMENT,,,51ce7da1-b441-474f-b7e5-cedaa04903f7
2935,EARTH SCIENCE,SOLID EARTH,TECTONICS,PLATE TECTONICS,FOLDS,,,a71c3d9d-7144-4107-add5-0aed0c731dbc
2936,EARTH SCIENCE,SOLID EARTH,TECTONICS,PLATE TECTONICS,ISOSTATIC REBOUND,REBOUND DIRECTION,,c185f7f5-0c62-489f-b365-9424e054de58
2937,EARTH SCIENCE,SOLID EARTH,TECTONICS,PLATE TECTONICS,ISOSTATIC REBOUND,REBOUND RATE,,f0b2ab0f-46eb-426b-924b-471e4d1b7598
2938,EARTH SCIENCE,SOLID EARTH,TECTONICS,PLATE TECTONICS,ISOSTATIC REBOUND,,,5e7a091a-894f-423f-a431-ab52cf205311
2939,EARTH SCIENCE,SOLID EARTH,TECTONICS,PLATE TECTONICS,LITHOSPHERIC PLATE MOTION,PLATE MOTION DIRECTION,,03b6b427-6be5-4452-a457-a9ea8c7f0473
2940,EARTH SCIENCE,SOLID EARTH,TECTONICS,PLATE TECTONICS,LITHOSPHERIC PLATE MOTION,PLATE MOTION RATE,,9cd46f88-24ba-4f2d-96b7-ab5a9333207b
2941,EARTH SCIENCE,SOLID EARTH,TECTONICS,PLATE TECTONICS,LITHOSPHERIC PLATE MOTION,,,64ccd7be-577b-4784-8072-8c456aab2185
2942,EARTH SCIENCE,SOLID EARTH,TECTONICS,PLATE TECTONICS,PLATE BOUNDARIES,,,4adc15b8-0c18-4ccd-a6ec-75be82df5359
2943,EARTH SCIENCE,SOLID EARTH,TECTONICS,PLATE TECTONICS,STRAIN,,,5d7f7568-bfc3-4c11-b446-c4f6488c8ae9
2944,EARTH SCIENCE,SOLID EARTH,TECTONICS,PLATE TECTONICS,STRATIGRAPHIC SEQUENCE,,,efe175a0-100b-404b-a702-2e179bee034a
2945,EARTH SCIENCE,SOLID EARTH,TECTONICS,PLATE TECTONICS,STRESS,,,29dbe37e-22e6-4d02-844f-60359fbbc130
2946,EARTH SCIENCE,SOLID EARTH,TECTONICS,PLATE TECTONICS,,,,71e9bc66-6f8c-41ec-8b22-2fe390223639
2947,EARTH SCIENCE,SOLID EARTH,TECTONICS,VOLCANIC ACTIVITY,ERUPTION DYNAMICS,ASH/DUST COMPOSITION,,372b4016-80ab-4126-b6d1-e847bbf0b44f
2948,EARTH SCIENCE,SOLID EARTH,TECTONICS,VOLCANIC ACTIVITY,ERUPTION DYNAMICS,ASH/DUST DISPERSION,,89f66579-8de7-4c83-b75f-871bc8d378ac
2949,EARTH SCIENCE,SOLID EARTH,TECTONICS,VOLCANIC ACTIVITY,ERUPTION DYNAMICS,GAS/AEROSOL COMPOSITION,,54b94cdf-b8e2-4c81-b5aa-5652f053244e
2950,EARTH SCIENCE,SOLID EARTH,TECTONICS,VOLCANIC ACTIVITY,ERUPTION DYNAMICS,GAS/AEROSOL DISPERSION,,b1d60933-636e-48ff-b5a8-43afa60602f3
2951,EARTH SCIENCE,SOLID EARTH,TECTONICS,VOLCANIC ACTIVITY,ERUPTION DYNAMICS,LAVA COMPOSITION/TEXTURE,,0eb6fc71-dfb0-4451-85f7-08ceaf37c552
2952,EARTH SCIENCE,SOLID EARTH,TECTONICS,VOLCANIC ACTIVITY,ERUPTION DYNAMICS,LAVA SPEED/FLOW,,9387a7bc-7356-41a5-9682-f5e71da5a858
2953,EARTH SCIENCE,SOLID EARTH,TECTONICS,VOLCANIC ACTIVITY,ERUPTION DYNAMICS,MAGMA COMPOSITION/TEXTURE,,40f0a368-7261-43f7-839c-64e428270442
2954,EARTH SCIENCE,SOLID EARTH,TECTONICS,VOLCANIC ACTIVITY,ERUPTION DYNAMICS,MAGMA SPEED/FLOW,,af04626c-fe27-4ac6-a948-e93debb6c2d6
2955,EARTH SCIENCE,SOLID EARTH,TECTONICS,VOLCANIC ACTIVITY,ERUPTION DYNAMICS,PYROCLASTIC PARTICAL SIZE DISTRIBUTION,,83cf8358-4fae-4f17-ba02-b8280f2b7209
2956,EARTH SCIENCE,SOLID EARTH,TECTONICS,VOLCANIC ACTIVITY,ERUPTION DYNAMICS,PYROCLASTICS COMPOSITION/TEXTURE,,ab215b31-c540-40c0-9362-3f25ebc148bb
2957,EARTH SCIENCE,SOLID EARTH,TECTONICS,VOLCANIC ACTIVITY,ERUPTION DYNAMICS,VOLCANIC EXPLOSIVITY,,d9cfb55b-50a2-44f5-b92a-47fe4aadc317
2958,EARTH SCIENCE,SOLID EARTH,TECTONICS,VOLCANIC ACTIVITY,ERUPTION DYNAMICS,VOLCANIC GASES,,35941db2-59bf-4000-9232-df0beef02da7
2959,EARTH SCIENCE,SOLID EARTH,TECTONICS,VOLCANIC ACTIVITY,ERUPTION DYNAMICS,,,0db0e1c8-6ba3-40c4-97c2-d78c9812692b
2960,EARTH SCIENCE,SOLID EARTH,TECTONICS,VOLCANIC ACTIVITY,VOLCANO MAGNITUDE/INTENSITY,,,14e0d39a-ff1c-46d9-b162-481f80beac91
2961,EARTH SCIENCE,SOLID EARTH,TECTONICS,VOLCANIC ACTIVITY,VOLCANO OCCURRENCES,,,d1ab518b-0152-48cf-a9c6-47c5920ed773
2962,EARTH SCIENCE,SOLID EARTH,TECTONICS,VOLCANIC ACTIVITY,VOLCANO PREDICTIONS,,,3adb9c52-df47-4390-a682-56e1774e8cdb
2963,EARTH SCIENCE,SOLID EARTH,TECTONICS,VOLCANIC ACTIVITY,,,,1faaede0-2cd6-4447-b28b-0a28d9e2d067
2964,EARTH SCIENCE,SOLID EARTH,TECTONICS,,,,,1e17c8d3-81d0-473c-8f24-d2a4ea52b6b9
2965,EARTH SCIENCE,SOLID EARTH,,,,,,2b9ad978-d986-4d63-b477-0f5efc8ace72
